request_count,endpoint_hits,global_traffic,hour,label
7,3,33,8,0
8,2,70,20,0
11,3,57,20,0
17,5,72,5,0
12,4,60,7,0
8,4,79,10,0
8,2,23,12,0
20,1,36,1,0
10,2,41,7,0
19,3,53,14,0
1,3,43,0,0
15,2,46,17,0
15,1,95,21,0
3,3,52,20,0
18,5,77,11,0
20,2,24,7,0
7,4,39,22,0
18,2,89,1,0
5,3,65,0,0
14,3,37,4,0
12,4,28,18,0
11,1,50,0,0
19,2,69,7,0
15,2,87,3,0
20,1,54,14,0
13,5,67,1,0
20,3,20,21,0
7,2,72,11,0
17,5,35,21,0
1,1,77,6,0
6,1,78,1,0
10,5,64,1,0
10,1,64,6,0
19,1,51,14,0
3,1,53,9,0
5,5,95,16,0
19,2,82,0,0
10,4,38,13,0
13,4,91,21,0
4,5,40,18,0
11,3,22,5,0
14,2,56,6,0
19,2,24,10,0
10,2,48,1,0
14,3,100,15,0
19,1,61,13,0
17,2,86,10,0
16,5,44,10,0
9,2,98,22,0
3,5,21,6,0
20,3,91,12,0
7,3,99,6,0
11,4,35,1,0
20,1,98,3,0
10,2,93,9,0
8,1,91,22,0
18,3,77,15,0
10,1,62,1,0
1,4,51,10,0
5,4,74,2,0
15,3,98,18,0
20,1,53,23,0
12,2,20,21,0
3,4,80,14,0
8,5,74,18,0
17,2,63,15,0
11,4,20,8,0
2,5,51,11,0
17,1,59,4,0
17,1,30,1,0
11,5,42,4,0
3,1,57,14,0
7,5,51,21,0
20,4,44,15,0
10,5,33,13,0
6,3,35,22,0
19,5,74,1,0
9,1,46,14,0
18,4,58,2,0
3,5,20,20,0
19,1,20,16,0
10,1,24,7,0
17,5,89,2,0
3,4,67,4,0
16,1,90,19,0
1,2,81,19,0
1,4,80,1,0
12,4,46,7,0
1,5,55,21,0
4,1,85,23,0
5,5,93,13,0
16,5,53,0,0
2,4,89,5,0
12,2,44,16,0
2,2,48,8,0
12,5,82,4,0
7,5,71,14,0
19,5,40,11,0
9,3,54,13,0
16,1,43,15,0
8,1,89,20,0
19,4,33,23,0
14,4,24,7,0
3,4,27,9,0
13,1,74,3,0
17,3,66,16,0
13,3,20,6,0
9,4,20,19,0
14,2,34,15,0
18,3,78,15,0
16,4,76,18,0
11,3,29,5,0
18,1,31,20,0
12,3,47,21,0
13,5,89,13,0
2,1,39,13,0
6,4,91,12,0
12,4,97,7,0
8,5,38,20,0
10,4,95,5,0
14,1,37,17,0
4,3,27,22,0
3,2,31,8,0
13,1,34,21,0
3,4,91,23,0
12,1,53,12,0
5,3,65,12,0
12,5,79,8,0
16,4,77,3,0
20,3,100,9,0
2,2,67,15,0
20,4,84,22,0
6,2,51,9,0
3,2,25,6,0
10,1,88,1,0
14,3,75,15,0
14,1,76,10,0
7,2,68,2,0
16,4,54,13,0
2,4,78,20,0
15,5,74,1,0
10,3,34,9,0
13,1,42,8,0
13,5,75,2,0
14,4,30,20,0
18,5,41,21,0
10,1,42,1,0
6,3,52,15,0
18,1,30,16,0
6,1,55,6,0
15,2,88,6,0
1,5,39,3,0
4,5,75,20,0
18,1,48,11,0
9,4,25,13,0
8,2,23,14,0
17,3,30,7,0
7,3,59,7,0
6,3,94,20,0
16,2,49,16,0
17,1,57,7,0
1,5,75,6,0
10,3,64,3,0
20,5,78,14,0
5,5,57,2,0
17,5,49,0,0
11,2,38,0,0
8,4,54,22,0
9,3,65,2,0
10,5,69,15,0
3,2,74,16,0
18,5,80,8,0
6,3,20,19,0
6,3,72,21,0
14,1,95,4,0
10,1,34,12,0
10,1,73,14,0
4,1,39,18,0
17,1,98,7,0
14,2,46,7,0
18,5,65,7,0
20,3,72,0,0
1,1,90,14,0
3,5,30,17,0
13,4,48,4,0
13,3,56,8,0
5,4,84,23,0
18,2,92,13,0
18,5,69,13,0
14,4,44,14,0
19,4,40,1,0
7,4,44,5,0
9,2,79,3,0
3,3,64,8,0
8,1,72,22,0
18,4,83,5,0
7,5,74,2,0
20,5,54,23,0
8,4,84,12,0
14,1,69,6,0
2,4,78,14,0
5,2,23,23,0
20,3,21,21,0
1,1,87,10,0
6,1,80,21,0
17,1,95,10,0
12,1,31,18,0
20,4,43,4,0
4,1,92,4,0
14,4,96,5,0
6,4,58,3,0
16,5,34,18,0
17,1,40,15,0
4,5,85,23,0
15,5,25,19,0
16,5,36,2,0
3,5,67,17,0
17,2,44,0,0
9,4,44,8,0
2,5,38,1,0
16,5,45,9,0
20,3,38,1,0
14,2,45,18,0
6,2,86,18,0
1,2,69,16,0
13,3,55,4,0
19,1,34,14,0
12,5,66,18,0
12,5,47,23,0
12,5,79,4,0
16,5,85,1,0
9,1,45,9,0
16,4,43,23,0
6,2,90,5,0
13,3,46,8,0
7,5,47,1,0
2,5,41,7,0
16,2,63,19,0
7,5,49,14,0
6,4,92,7,0
13,1,68,11,0
3,5,98,18,0
12,5,50,19,0
18,3,33,12,0
11,4,40,5,0
3,2,26,6,0
3,5,100,8,0
5,1,20,19,0
12,3,65,13,0
17,1,99,16,0
5,5,47,16,0
12,5,74,0,0
8,5,39,1,0
2,5,54,17,0
13,3,24,15,0
2,3,94,18,0
9,2,56,0,0
20,5,85,10,0
10,3,63,18,0
2,5,94,14,0
2,3,20,16,0
19,3,22,4,0
4,1,74,20,0
14,1,27,5,0
1,4,75,11,0
2,5,86,20,0
16,4,49,6,0
10,2,71,12,0
9,1,77,20,0
6,4,52,2,0
15,2,55,17,0
17,3,54,17,0
11,2,67,19,0
1,1,92,18,0
14,1,24,10,0
1,1,35,4,0
8,5,77,22,0
18,5,65,0,0
2,2,44,4,0
17,1,68,21,0
20,2,69,2,0
7,1,32,22,0
15,3,81,16,0
3,3,88,7,0
10,3,48,20,0
16,1,86,13,0
10,3,52,0,0
10,2,100,17,0
15,3,36,7,0
13,2,35,15,0
2,5,49,21,0
11,4,54,7,0
15,3,78,19,0
7,5,22,8,0
3,2,26,9,0
18,4,27,4,0
5,1,41,0,0
15,5,24,19,0
17,3,75,7,0
14,4,48,9,0
15,4,99,12,0
17,1,95,17,0
9,4,93,18,0
10,4,49,1,0
7,5,30,23,0
3,4,89,17,0
12,4,58,18,0
6,1,33,4,0
11,1,75,2,0
12,4,74,5,0
5,5,78,13,0
14,4,59,7,0
4,4,29,10,0
20,2,93,17,0
1,2,69,11,0
4,4,73,5,0
7,5,23,20,0
16,5,46,8,0
18,3,24,20,0
15,5,90,14,0
2,1,75,14,0
1,4,32,5,0
16,1,49,0,0
18,5,42,2,0
14,2,93,1,0
19,1,37,8,0
10,4,42,6,0
17,3,82,5,0
6,5,47,16,0
18,5,38,5,0
6,4,64,21,0
8,2,47,6,0
4,5,59,2,0
14,5,95,14,0
13,2,46,2,0
2,2,64,19,0
7,5,77,3,0
15,5,39,5,0
8,3,95,20,0
6,3,76,15,0
18,1,28,16,0
9,5,44,21,0
7,4,76,17,0
16,3,52,4,0
18,5,37,0,0
6,3,20,19,0
6,4,60,23,0
7,2,88,2,0
9,5,30,20,0
19,2,23,9,0
10,5,41,1,0
10,4,44,3,0
9,4,79,6,0
9,1,100,10,0
17,5,52,19,0
19,5,88,3,0
1,1,64,13,0
8,2,75,20,0
2,4,95,6,0
9,4,38,19,0
5,4,81,12,0
8,4,25,3,0
4,1,53,5,0
9,2,78,12,0
5,2,63,5,0
3,5,98,11,0
10,5,38,19,0
7,1,37,2,0
20,1,20,14,0
5,1,60,16,0
2,2,57,10,0
11,1,57,20,0
3,1,25,4,0
3,3,99,12,0
10,1,49,17,0
3,2,64,12,0
18,5,22,21,0
17,4,34,6,0
11,2,50,9,0
18,4,57,22,0
1,2,86,20,0
11,3,56,9,0
14,3,27,12,0
15,2,91,3,0
15,4,68,14,0
18,4,42,17,0
7,1,68,22,0
19,5,32,10,0
14,4,95,6,0
15,5,65,3,0
6,1,44,2,0
11,4,83,17,0
14,5,65,8,0
9,5,77,16,0
16,1,100,19,0
20,4,97,11,0
11,1,41,4,0
15,4,57,19,0
13,4,48,5,0
14,2,67,5,0
6,5,45,19,0
9,3,45,2,0
4,3,92,5,0
6,2,26,5,0
7,4,26,11,0
4,1,45,18,0
11,3,97,2,0
10,4,86,17,0
19,3,27,6,0
8,2,79,4,0
2,5,71,0,0
7,5,69,9,0
17,1,46,10,0
12,3,43,22,0
3,3,46,12,0
6,2,76,16,0
13,1,75,5,0
5,3,88,2,0
8,2,62,14,0
18,3,90,12,0
3,1,40,3,0
2,5,26,21,0
20,3,53,5,0
15,2,71,8,0
6,2,39,4,0
2,2,97,19,0
2,5,74,1,0
16,1,46,15,0
4,1,21,18,0
6,4,63,4,0
20,2,29,20,0
18,1,23,5,0
2,2,36,8,0
13,4,80,9,0
13,1,81,0,0
2,5,95,13,0
11,1,57,18,0
19,5,82,4,0
17,5,57,2,0
3,3,86,6,0
19,4,51,11,0
4,3,85,22,0
9,3,40,12,0
2,2,34,19,0
11,2,52,9,0
14,5,70,6,0
2,4,36,16,0
18,1,51,10,0
8,5,52,21,0
1,5,93,15,0
7,2,32,5,0
10,4,58,11,0
20,5,41,18,0
13,2,29,12,0
9,2,39,4,0
14,2,73,23,0
20,4,100,2,0
20,4,25,12,0
13,1,42,14,0
1,3,62,10,0
11,2,94,10,0
14,4,62,4,0
2,3,78,4,0
8,2,74,8,0
19,3,95,0,0
16,2,49,18,0
19,3,33,5,0
2,4,61,1,0
10,4,41,22,0
16,1,40,2,0
19,4,86,3,0
17,1,43,1,0
1,1,58,22,0
1,4,40,16,0
12,2,95,4,0
17,3,20,22,0
1,2,98,1,0
9,1,22,8,0
8,3,69,6,0
7,3,35,6,0
8,3,62,10,0
20,3,66,7,0
2,4,38,1,0
4,1,57,6,0
12,5,100,11,0
8,4,87,13,0
16,4,54,20,0
3,5,86,10,0
20,4,60,13,0
4,3,70,13,0
20,4,89,5,0
16,1,45,9,0
12,4,86,6,0
11,5,58,20,0
16,5,59,18,0
6,3,73,15,0
17,2,28,19,0
12,4,97,6,0
12,2,90,15,0
5,3,83,17,0
9,5,32,23,0
20,2,51,17,0
16,3,31,1,0
15,5,63,21,0
4,1,30,20,0
8,1,65,20,0
12,3,90,0,0
11,4,41,3,0
1,4,98,3,0
17,5,42,2,0
10,3,32,14,0
7,5,94,11,0
15,3,96,19,0
11,5,98,5,0
6,2,64,4,0
18,5,32,12,0
18,4,100,23,0
4,4,39,0,0
14,4,76,5,0
2,4,63,14,0
12,1,30,17,0
1,4,93,23,0
3,3,23,10,0
3,4,51,22,0
6,5,43,1,0
19,1,52,21,0
12,2,64,14,0
16,5,73,23,0
17,5,31,12,0
7,3,64,3,0
8,1,73,4,0
6,3,54,14,0
1,2,60,1,0
9,2,75,6,0
7,2,55,17,0
5,1,71,8,0
18,5,84,7,0
8,3,45,11,0
13,4,35,11,0
12,4,27,2,0
9,1,44,23,0
10,2,40,17,0
17,4,56,12,0
18,2,96,13,0
3,3,98,23,0
2,4,73,14,0
18,4,80,19,0
7,1,20,4,0
5,2,32,16,0
12,2,67,1,0
4,2,86,18,0
20,5,34,2,0
14,4,23,19,0
14,1,27,11,0
4,2,100,22,0
12,5,64,5,0
1,2,33,6,0
10,2,68,22,0
11,1,75,5,0
11,1,59,6,0
8,5,29,19,0
4,1,84,11,0
14,5,52,13,0
6,5,88,17,0
1,5,70,11,0
13,4,71,14,0
17,4,86,18,0
1,5,79,6,0
11,2,33,12,0
16,5,84,10,0
14,4,35,17,0
12,2,38,4,0
4,5,87,22,0
8,3,24,16,0
5,3,78,19,0
2,5,39,20,0
7,3,87,9,0
4,3,27,0,0
19,2,57,14,0
14,3,96,20,0
7,2,51,0,0
8,4,54,20,0
13,2,45,15,0
20,2,67,6,0
17,3,26,4,0
6,4,95,0,0
7,3,70,5,0
7,3,58,5,0
9,2,70,22,0
16,5,60,9,0
15,3,52,20,0
15,5,38,8,0
10,3,31,3,0
8,3,40,18,0
11,5,21,0,0
20,5,93,11,0
1,2,59,21,0
7,4,23,12,0
15,5,86,0,0
14,3,66,10,0
11,3,88,17,0
10,3,52,3,0
15,2,35,21,0
9,3,69,2,0
3,3,77,14,0
20,5,92,5,0
17,2,40,0,0
10,4,21,2,0
18,3,37,21,0
12,4,77,8,0
12,4,58,1,0
9,3,97,18,0
13,3,21,6,0
19,4,28,20,0
5,1,90,22,0
4,3,83,21,0
10,4,32,22,0
12,2,99,20,0
6,4,74,9,0
13,3,47,19,0
18,1,75,0,0
7,4,54,6,0
16,3,96,7,0
6,2,74,13,0
5,4,95,15,0
7,1,40,2,0
4,1,83,9,0
1,3,85,11,0
4,5,51,18,0
17,4,73,3,0
8,5,45,8,0
19,5,78,0,0
16,2,41,17,0
12,3,79,2,0
15,4,60,23,0
4,3,100,18,0
7,1,61,10,0
9,2,86,16,0
1,1,95,14,0
19,3,97,20,0
18,3,87,21,0
13,1,68,10,0
2,5,89,18,0
19,2,36,10,0
3,5,78,23,0
19,3,39,4,0
3,4,90,13,0
12,5,23,14,0
15,5,71,20,0
2,1,30,16,0
10,3,27,12,0
7,2,64,14,0
14,1,42,3,0
9,1,51,5,0
8,5,82,19,0
7,2,51,8,0
11,3,83,23,0
5,2,40,2,0
15,3,42,2,0
18,5,39,16,0
3,1,96,16,0
9,2,86,0,0
4,5,88,9,0
17,2,21,9,0
4,5,55,16,0
3,2,69,23,0
1,4,23,10,0
8,4,74,15,0
12,5,81,16,0
13,1,70,10,0
3,1,65,1,0
13,2,49,13,0
15,5,65,13,0
13,1,35,12,0
15,5,76,21,0
10,1,34,12,0
8,1,91,4,0
6,1,69,6,0
12,1,33,17,0
15,3,47,20,0
17,1,51,17,0
12,2,45,6,0
19,1,99,19,0
15,1,99,14,0
13,1,62,14,0
11,2,71,12,0
2,4,41,18,0
7,3,46,20,0
10,5,93,2,0
1,3,42,13,0
7,3,74,1,0
11,5,71,18,0
16,5,92,1,0
17,2,29,10,0
7,2,85,14,0
5,1,74,2,0
15,3,60,14,0
20,3,90,19,0
6,4,98,21,0
19,1,42,21,0
4,4,22,10,0
1,3,89,15,0
11,2,52,2,0
11,2,91,21,0
14,4,57,7,0
11,3,35,23,0
16,2,31,0,0
10,1,98,5,0
20,5,25,6,0
12,4,35,21,0
3,4,51,13,0
20,4,70,4,0
13,4,33,0,0
16,5,79,17,0
3,2,85,9,0
1,5,63,0,0
19,3,97,7,0
1,4,74,9,0
17,3,69,9,0
12,4,43,16,0
6,1,88,13,0
8,5,80,8,0
6,3,23,0,0
7,2,92,3,0
10,5,78,6,0
8,2,75,12,0
12,3,63,0,0
1,4,51,18,0
9,3,82,19,0
17,5,50,14,0
14,3,100,13,0
11,3,37,11,0
15,5,69,12,0
2,3,66,2,0
13,1,82,22,0
8,1,51,5,0
9,3,90,2,0
10,5,37,17,0
2,3,53,20,0
11,1,44,23,0
12,3,91,15,0
3,5,77,19,0
1,1,94,17,0
4,3,91,17,0
1,4,93,20,0
12,1,52,6,0
10,4,28,5,0
13,5,61,11,0
9,1,77,4,0
8,3,72,21,0
8,3,50,14,0
1,5,49,15,0
6,2,30,6,0
9,4,20,8,0
16,1,31,16,0
5,2,84,15,0
1,3,37,18,0
18,3,63,7,0
15,1,68,12,0
12,1,27,4,0
5,5,42,11,0
14,2,88,5,0
3,2,71,2,0
5,3,22,13,0
11,2,71,17,0
15,2,59,2,0
8,1,32,17,0
18,1,100,16,0
7,4,97,4,0
19,5,21,18,0
12,1,72,0,0
1,4,77,15,0
6,4,25,13,0
16,5,86,0,0
12,3,31,15,0
3,3,74,0,0
9,4,92,19,0
15,1,62,22,0
7,1,27,15,0
9,4,38,14,0
12,1,77,0,0
10,5,58,0,0
16,5,86,19,0
11,3,42,19,0
8,1,88,3,0
15,4,52,7,0
6,4,69,2,0
16,3,53,12,0
19,2,37,22,0
8,5,93,14,0
14,2,74,10,0
4,1,63,7,0
6,4,87,19,0
17,3,79,8,0
11,5,43,0,0
4,2,29,19,0
3,1,28,10,0
18,2,27,3,0
2,5,48,15,0
4,1,20,16,0
1,5,41,15,0
8,1,92,5,0
8,3,77,13,0
3,5,35,8,0
12,2,99,13,0
17,1,47,20,0
20,2,99,5,0
1,1,73,6,0
9,5,51,2,0
7,3,23,15,0
3,3,93,1,0
19,1,73,19,0
9,3,64,10,0
15,2,28,11,0
20,3,57,12,0
13,1,68,17,0
20,2,86,5,0
20,4,34,19,0
20,4,74,11,0
11,2,100,21,0
8,2,63,14,0
19,1,70,5,0
11,1,47,15,0
19,1,66,19,0
20,4,84,20,0
9,4,79,0,0
13,4,68,21,0
20,5,76,6,0
5,1,80,1,0
2,3,26,15,0
18,5,45,6,0
19,5,100,4,0
4,5,59,6,0
16,1,63,22,0
8,3,99,1,0
14,3,50,9,0
12,3,29,1,0
20,5,54,19,0
19,5,24,22,0
4,2,50,6,0
11,5,73,19,0
13,1,51,22,0
6,3,79,13,0
6,4,24,21,0
5,1,87,22,0
15,4,53,18,0
5,2,55,1,0
19,3,33,23,0
6,5,28,5,0
20,4,84,3,0
8,1,56,6,0
6,2,92,22,0
16,3,46,3,0
17,4,60,0,0
8,2,39,22,0
10,1,50,19,0
10,5,22,19,0
11,1,50,2,0
2,1,44,20,0
4,4,25,3,0
14,3,85,17,0
17,5,78,8,0
16,4,86,19,0
5,2,63,22,0
16,5,37,10,0
10,2,92,17,0
17,4,57,16,0
13,5,27,22,0
8,5,53,15,0
16,2,43,0,0
2,3,80,22,0
15,2,60,18,0
8,5,27,14,0
14,3,69,0,0
6,5,22,20,0
15,3,82,15,0
1,3,53,18,0
5,5,56,15,0
7,4,22,11,0
20,4,81,20,0
10,5,95,17,0
16,3,73,5,0
10,5,60,21,0
12,4,96,23,0
9,1,47,20,0
11,1,94,17,0
19,5,89,9,0
20,5,76,18,0
20,4,37,22,0
9,3,32,0,0
17,5,26,9,0
9,2,32,17,0
19,3,48,5,0
10,3,28,3,0
1,1,82,19,0
19,2,90,15,0
13,3,89,18,0
1,5,74,5,0
19,4,29,0,0
1,3,39,0,0
18,3,33,21,0
8,2,54,3,0
7,5,66,20,0
3,2,92,17,0
13,2,46,6,0
7,1,88,4,0
20,1,97,17,0
17,4,60,8,0
20,1,55,3,0
8,1,22,21,0
15,3,76,4,0
10,4,98,2,0
4,4,37,23,0
10,5,36,1,0
11,2,42,4,0
19,2,88,7,0
20,4,92,10,0
4,4,89,22,0
14,5,88,18,0
20,2,29,22,0
10,4,77,3,0
9,3,31,2,0
9,2,84,4,0
8,3,33,15,0
13,5,62,22,0
6,4,82,6,0
1,1,92,22,0
6,2,83,12,0
3,4,97,16,0
5,4,81,15,0
3,2,86,6,0
17,1,54,9,0
8,1,52,2,0
14,3,98,7,0
15,1,80,4,0
15,2,59,0,0
20,4,68,1,0
11,2,88,20,0
3,1,33,19,0
8,1,79,21,0
10,2,69,8,0
16,2,56,17,0
10,3,59,2,0
8,2,27,4,0
18,5,62,21,0
16,5,59,19,0
1,4,65,12,0
10,5,68,17,0
3,4,26,20,0
15,2,30,18,0
5,4,50,16,0
15,2,92,7,0
15,5,72,9,0
13,5,31,2,0
1,1,79,19,0
5,1,49,8,0
6,1,100,12,0
13,1,56,21,0
12,1,81,16,0
4,4,78,0,0
4,4,31,10,0
12,3,63,2,0
16,1,20,16,0
7,1,30,21,0
20,4,92,2,0
6,2,99,3,0
18,4,25,10,0
3,3,70,12,0
16,1,85,1,0
7,4,76,7,0
1,5,70,12,0
15,3,45,1,0
8,1,36,5,0
19,4,66,22,0
3,4,51,21,0
10,1,55,13,0
8,2,32,3,0
7,1,64,5,0
16,5,76,14,0
12,2,50,23,0
3,5,28,8,0
15,5,92,18,0
2,5,70,18,0
11,4,86,23,0
9,1,87,6,0
9,4,59,6,0
15,2,74,11,0
16,1,85,9,0
20,1,90,1,0
17,4,60,5,0
7,3,24,7,0
19,1,95,18,0
18,5,60,22,0
20,5,20,17,0
15,3,73,22,0
4,3,64,13,0
18,3,28,12,0
14,3,82,8,0
18,5,80,5,0
1,2,87,18,0
6,1,95,5,0
18,5,85,18,0
2,3,30,1,0
9,1,67,9,0
20,1,51,10,0
14,3,21,17,0
8,2,60,12,0
4,3,96,23,0
13,5,58,2,0
19,2,81,13,0
16,1,31,12,0
20,3,89,3,0
13,3,95,11,0
18,2,38,6,0
2,4,43,17,0
15,4,35,1,0
18,2,97,5,0
11,2,89,23,0
17,1,23,7,0
14,5,76,13,0
18,5,22,13,0
15,1,64,5,0
5,1,68,16,0
16,2,36,5,0
19,2,31,17,0
19,1,99,3,0
16,4,24,7,0
13,2,98,5,0
11,1,23,13,0
6,4,92,20,0
2,5,51,16,0
16,5,41,14,0
3,3,21,17,0
3,5,50,15,0
20,5,38,21,0
5,2,75,4,0
11,1,76,2,0
11,3,43,16,0
4,3,59,19,0
15,3,29,22,0
8,2,65,2,0
4,5,74,9,0
14,5,50,8,0
5,5,50,5,0
17,2,83,19,0
20,2,60,11,0
18,1,53,19,0
15,5,84,9,0
6,1,98,19,0
15,4,49,15,0
20,1,99,16,0
12,3,28,13,0
4,1,39,18,0
15,1,38,21,0
17,1,89,14,0
15,3,73,4,0
6,5,31,14,0
15,4,83,12,0
6,2,92,10,0
5,1,71,0,0
15,5,66,1,0
18,5,67,22,0
11,3,68,18,0
16,1,40,3,0
14,3,56,9,0
5,3,94,2,0
6,2,42,17,0
20,4,84,6,0
8,1,78,15,0
8,5,73,22,0
1,4,75,12,0
6,2,59,21,0
18,3,31,18,0
12,1,39,1,0
18,2,71,13,0
4,4,92,11,0
17,2,83,10,0
8,2,88,8,0
18,3,42,2,0
9,5,79,4,0
2,1,41,2,0
13,3,83,23,0
2,4,54,5,0
5,2,49,1,0
4,4,75,13,0
20,2,84,14,0
19,3,60,1,0
18,2,94,5,0
2,2,98,7,0
10,4,43,13,0
13,5,27,20,0
6,3,50,13,0
7,1,31,18,0
1,3,47,17,0
4,5,36,15,0
17,3,44,15,0
18,2,81,10,0
14,4,20,8,0
5,1,94,2,0
1,4,40,5,0
11,2,97,19,0
10,5,59,9,0
12,1,22,3,0
1,3,38,5,0
9,2,35,2,0
3,2,68,21,0
12,5,58,10,0
6,3,87,10,0
10,1,69,5,0
4,2,86,12,0
7,5,64,13,0
8,4,86,12,0
4,5,39,22,0
6,1,100,4,0
13,2,72,13,0
11,3,39,3,0
5,4,47,13,0
7,2,86,23,0
5,2,67,15,0
1,3,26,9,0
14,3,73,11,0
6,4,43,14,0
13,3,91,20,0
4,2,28,21,0
15,3,49,21,0
16,3,78,20,0
10,1,34,16,0
10,4,53,0,0
16,4,78,14,0
13,4,31,19,0
9,1,93,17,0
19,2,65,11,0
6,1,94,5,0
20,2,53,5,0
11,4,42,13,0
16,2,23,14,0
8,5,71,19,0
1,5,86,0,0
2,5,54,10,0
14,2,44,8,0
12,2,28,19,0
20,5,68,15,0
17,3,98,10,0
16,3,91,21,0
10,3,53,17,0
13,1,48,11,0
18,5,67,14,0
3,1,36,16,0
20,3,50,9,0
8,1,29,1,0
10,2,72,13,0
1,5,92,5,0
18,2,39,23,0
7,2,32,3,0
15,1,49,16,0
7,5,45,12,0
17,4,62,2,0
5,3,94,17,0
15,4,36,2,0
12,2,97,13,0
18,1,56,6,0
5,2,47,4,0
17,5,68,8,0
9,1,50,1,0
3,3,66,14,0
12,3,21,1,0
10,2,74,2,0
9,2,54,21,0
6,4,45,19,0
6,1,39,17,0
3,2,78,5,0
15,3,24,21,0
20,2,94,23,0
4,1,58,17,0
19,4,52,16,0
2,1,60,21,0
4,1,70,1,0
14,4,84,7,0
10,2,37,20,0
2,4,43,3,0
14,3,69,5,0
10,5,24,6,0
18,4,98,9,0
9,3,56,19,0
17,2,22,17,0
11,1,46,18,0
11,1,76,16,0
5,2,37,23,0
1,3,84,16,0
12,1,66,5,0
3,3,87,15,0
12,4,40,9,0
10,1,61,8,0
19,3,29,6,0
8,5,83,23,0
2,1,83,10,0
6,1,61,1,0
17,4,45,11,0
1,1,92,23,0
4,1,82,20,0
13,4,62,15,0
5,2,55,2,0
3,2,52,9,0
14,3,81,22,0
12,4,35,16,0
10,2,61,10,0
6,1,57,23,0
17,2,64,8,0
12,5,28,17,0
5,2,77,9,0
10,4,60,20,0
1,1,69,1,0
15,3,26,2,0
4,3,42,23,0
15,4,23,14,0
6,3,81,10,0
9,1,28,19,0
7,5,80,23,0
14,2,93,21,0
14,2,53,20,0
1,2,38,23,0
16,1,49,18,0
1,5,91,16,0
15,2,88,8,0
14,3,62,17,0
2,1,53,17,0
20,5,83,21,0
20,3,54,3,0
1,5,70,18,0
5,5,82,4,0
4,4,67,12,0
15,2,76,9,0
13,5,29,9,0
6,4,46,2,0
10,5,86,5,0
17,5,38,3,0
10,2,71,17,0
3,4,28,16,0
19,2,40,16,0
18,3,86,11,0
7,5,81,6,0
5,2,90,12,0
13,1,61,23,0
13,5,39,17,0
20,2,33,23,0
17,1,75,18,0
3,1,61,5,0
12,1,73,23,0
2,4,97,5,0
13,4,34,17,0
6,2,65,23,0
7,4,92,19,0
4,1,86,3,0
5,4,70,7,0
8,1,63,19,0
17,4,72,1,0
19,2,32,1,0
2,3,54,9,0
1,2,73,21,0
10,2,79,10,0
1,4,98,5,0
15,2,82,9,0
9,5,50,19,0
3,2,94,5,0
16,3,37,5,0
7,3,94,10,0
7,3,81,17,0
6,5,52,9,0
4,5,91,17,0
7,2,60,17,0
8,1,44,0,0
3,5,43,11,0
1,5,80,2,0
14,4,20,15,0
14,4,35,23,0
17,3,68,6,0
5,1,91,17,0
18,2,29,5,0
2,5,26,19,0
17,5,91,16,0
5,1,36,7,0
19,4,67,16,0
12,2,48,14,0
3,3,57,4,0
3,1,76,7,0
18,2,20,4,0
14,1,58,1,0
17,1,68,2,0
3,5,95,2,0
19,4,52,10,0
15,2,66,18,0
3,4,54,12,0
2,3,58,22,0
19,1,59,5,0
5,4,72,1,0
7,2,55,2,0
15,1,69,4,0
12,1,76,20,0
20,4,78,3,0
18,1,76,23,0
19,5,62,14,0
6,3,85,20,0
10,5,39,10,0
19,2,94,12,0
8,5,40,11,0
17,1,100,0,0
17,5,65,13,0
13,3,27,14,0
14,1,73,6,0
17,1,55,7,0
15,3,41,10,0
20,2,43,5,0
14,3,30,7,0
16,2,99,2,0
20,4,50,15,0
16,5,33,3,0
1,4,80,2,0
10,1,67,1,0
18,1,27,7,0
20,2,34,8,0
18,3,68,19,0
5,5,26,18,0
7,3,88,7,0
19,4,83,19,0
13,1,59,1,0
11,4,95,14,0
19,2,46,9,0
20,5,80,18,0
12,3,94,23,0
20,2,95,10,0
3,2,63,23,0
19,1,70,7,0
2,2,23,1,0
13,2,45,4,0
6,3,63,3,0
17,2,20,2,0
6,3,31,9,0
5,3,25,5,0
15,2,50,9,0
14,3,56,6,0
16,3,59,20,0
12,5,93,11,0
8,3,32,4,0
3,1,41,10,0
20,2,69,12,0
18,1,31,3,0
5,5,59,17,0
7,3,67,0,0
13,4,44,9,0
6,4,88,4,0
12,5,60,6,0
12,3,79,23,0
12,1,40,8,0
9,3,59,14,0
18,5,53,21,0
15,3,87,11,0
4,3,89,0,0
10,2,22,13,0
5,4,81,19,0
13,5,22,8,0
5,1,37,14,0
3,2,29,16,0
2,4,71,20,0
18,4,87,9,0
14,3,77,23,0
7,5,98,8,0
8,2,37,20,0
15,2,58,2,0
1,1,92,20,0
7,2,37,6,0
15,1,56,12,0
15,2,27,8,0
1,3,45,6,0
6,1,37,17,0
14,1,30,12,0
19,3,85,12,0
17,2,99,2,0
7,1,22,23,0
13,5,52,5,0
6,1,67,2,0
1,4,41,22,0
10,2,88,14,0
4,2,31,6,0
3,3,39,6,0
12,5,75,13,0
4,2,74,19,0
14,2,97,20,0
4,4,37,4,0
6,4,94,0,0
8,4,67,3,0
5,4,35,5,0
18,5,95,1,0
9,3,71,21,0
19,3,21,22,0
6,4,83,18,0
19,2,93,10,0
1,5,73,6,0
15,5,32,5,0
1,2,85,12,0
9,3,61,13,0
1,5,99,7,0
5,5,35,23,0
8,2,85,23,0
6,2,70,0,0
9,5,84,0,0
5,2,72,2,0
12,2,70,23,0
14,4,91,7,0
19,5,64,10,0
18,3,59,14,0
9,5,22,3,0
5,1,93,16,0
18,4,57,8,0
19,3,20,5,0
8,3,92,11,0
5,4,93,7,0
12,2,97,1,0
12,5,95,22,0
10,3,60,0,0
13,3,73,19,0
2,3,70,4,0
13,4,50,0,0
6,1,26,12,0
14,1,68,17,0
11,2,56,13,0
10,2,73,21,0
20,5,83,8,0
13,2,74,12,0
17,5,75,2,0
8,2,67,6,0
19,3,68,17,0
13,1,52,14,0
11,3,46,13,0
1,1,89,20,0
7,5,88,2,0
6,3,54,23,0
2,5,69,12,0
19,2,31,23,0
18,5,64,18,0
9,3,81,20,0
19,4,95,12,0
18,1,51,0,0
11,4,50,14,0
13,2,69,23,0
11,3,48,5,0
12,3,30,4,0
10,2,55,8,0
10,2,66,5,0
8,1,100,20,0
1,4,73,4,0
9,5,44,3,0
10,3,24,22,0
18,3,64,12,0
1,2,21,8,0
15,1,33,9,0
15,4,32,19,0
9,4,75,14,0
5,1,79,23,0
9,2,30,10,0
2,4,22,13,0
11,2,87,13,0
20,3,36,10,0
15,2,27,23,0
18,1,52,23,0
2,4,98,13,0
14,5,64,0,0
3,5,91,16,0
11,1,93,10,0
19,2,28,11,0
4,2,45,22,0
17,5,41,5,0
12,5,78,21,0
1,3,84,2,0
8,5,64,6,0
9,2,64,12,0
18,5,88,4,0
13,5,49,4,0
16,3,99,9,0
13,2,78,2,0
16,3,59,6,0
13,5,71,8,0
14,1,72,3,0
11,4,57,13,0
14,3,41,20,0
16,2,97,17,0
6,3,75,6,0
11,1,94,10,0
6,3,22,17,0
10,4,85,8,0
16,1,56,23,0
18,4,74,13,0
6,2,24,23,0
10,5,58,21,0
11,4,28,8,0
14,1,73,22,0
18,1,25,10,0
3,2,69,2,0
17,4,39,19,0
9,1,49,0,0
20,4,25,9,0
19,2,38,12,0
6,5,29,3,0
15,4,22,0,0
15,4,38,2,0
5,1,52,15,0
16,1,38,15,0
14,3,80,17,0
1,1,88,5,0
10,1,98,0,0
16,5,95,17,0
12,5,49,5,0
11,5,91,15,0
19,3,45,19,0
6,4,79,4,0
6,5,43,16,0
4,2,23,7,0
11,4,29,10,0
6,2,60,7,0
14,1,81,3,0
10,1,54,17,0
14,3,68,21,0
19,3,77,20,0
14,1,67,23,0
14,4,85,22,0
11,1,37,1,0
4,5,55,23,0
14,3,25,15,0
10,4,53,5,0
7,1,34,6,0
2,3,91,15,0
2,1,88,12,0
5,2,76,8,0
11,1,60,23,0
6,5,23,13,0
17,1,45,15,0
11,3,35,3,0
19,3,82,11,0
17,4,68,2,0
1,1,39,5,0
18,4,51,8,0
3,2,60,2,0
15,5,92,7,0
11,3,69,11,0
5,1,97,17,0
15,1,83,5,0
9,1,29,11,0
8,3,91,15,0
19,1,20,9,0
16,2,92,13,0
16,1,28,8,0
3,3,40,6,0
9,3,45,17,0
12,3,32,3,0
13,5,87,3,0
2,1,61,5,0
8,2,23,6,0
2,1,62,19,0
19,1,27,16,0
11,2,26,20,0
20,3,79,12,0
20,2,96,4,0
6,5,96,22,0
1,4,43,9,0
19,4,73,12,0
12,1,31,0,0
13,1,82,15,0
15,4,100,17,0
16,1,56,14,0
20,1,21,5,0
2,2,78,2,0
5,4,54,19,0
5,2,40,8,0
5,4,54,15,0
13,5,73,22,0
6,3,39,13,0
15,1,45,7,0
16,2,80,15,0
3,1,94,1,0
16,1,97,17,0
16,3,93,19,0
1,1,42,7,0
13,1,51,6,0
13,4,79,13,0
15,4,35,7,0
15,5,87,1,0
5,4,98,23,0
11,5,96,6,0
9,3,90,21,0
1,4,98,13,0
7,2,80,8,0
14,5,95,19,0
18,5,81,12,0
16,2,70,17,0
16,5,41,21,0
2,1,97,3,0
6,4,21,1,0
4,1,40,2,0
6,2,34,12,0
9,1,26,9,0
1,1,46,6,0
14,5,64,1,0
7,4,65,16,0
14,3,47,19,0
2,1,32,7,0
9,1,79,18,0
12,5,100,5,0
14,3,43,6,0
14,5,87,19,0
17,2,21,22,0
5,3,24,16,0
4,1,24,8,0
1,4,76,14,0
8,1,52,4,0
16,2,91,7,0
3,5,92,13,0
12,5,40,12,0
1,4,39,0,0
8,1,89,1,0
7,2,73,16,0
14,2,81,20,0
20,3,78,15,0
3,3,39,15,0
16,4,78,3,0
9,2,66,9,0
1,5,100,18,0
9,1,81,20,0
8,4,27,22,0
2,4,88,23,0
17,5,49,6,0
10,1,52,20,0
18,3,28,19,0
11,5,86,7,0
8,5,80,14,0
16,3,62,3,0
8,1,40,23,0
18,1,58,23,0
10,3,58,11,0
3,2,31,1,0
12,1,95,4,0
10,1,27,18,0
14,1,21,1,0
14,3,50,22,0
15,3,91,16,0
3,4,35,18,0
11,2,58,11,0
16,1,52,16,0
19,5,23,9,0
11,1,100,20,0
12,5,73,19,0
17,3,96,11,0
15,3,31,0,0
16,3,57,20,0
10,5,91,5,0
10,3,88,2,0
8,4,95,19,0
9,2,57,20,0
20,4,49,9,0
18,3,52,21,0
18,3,64,11,0
6,5,33,1,0
11,5,66,17,0
6,3,86,13,0
3,5,100,7,0
15,2,62,21,0
14,4,28,8,0
9,1,46,7,0
15,5,95,6,0
3,3,72,20,0
20,2,79,5,0
8,5,30,5,0
11,3,90,12,0
13,2,43,18,0
4,4,100,10,0
14,5,70,10,0
9,5,86,7,0
17,4,58,5,0
16,3,23,3,0
4,1,30,9,0
14,2,62,19,0
8,3,34,23,0
10,1,30,18,0
14,2,82,8,0
4,2,43,0,0
19,2,69,1,0
10,1,52,1,0
14,5,76,13,0
3,3,89,9,0
13,3,22,18,0
15,5,82,14,0
2,5,83,5,0
9,1,32,23,0
16,2,22,18,0
19,5,84,2,0
5,2,66,15,0
2,2,28,1,0
5,2,30,15,0
8,5,91,2,0
4,4,84,22,0
11,1,66,11,0
19,3,52,4,0
10,5,82,21,0
17,3,95,1,0
16,1,91,16,0
13,5,88,4,0
5,3,90,18,0
3,2,49,23,0
20,3,46,1,0
20,5,32,3,0
7,4,90,5,0
19,5,77,4,0
2,4,21,5,0
14,3,71,14,0
4,4,62,8,0
11,2,52,0,0
8,2,76,15,0
2,5,49,19,0
1,4,24,20,0
13,4,58,0,0
17,4,76,0,0
20,1,36,19,0
20,5,72,8,0
6,1,69,13,0
20,5,32,8,0
4,3,86,1,0
20,5,48,23,0
8,2,76,18,0
16,2,60,15,0
10,4,73,5,0
6,5,56,21,0
8,5,65,6,0
2,2,86,9,0
7,5,67,7,0
16,5,23,11,0
7,2,37,11,0
18,3,36,9,0
5,4,47,17,0
9,2,100,12,0
12,5,41,2,0
10,2,85,20,0
12,1,78,12,0
17,3,59,5,0
13,1,56,13,0
20,2,96,10,0
12,4,94,2,0
15,5,41,13,0
9,1,85,4,0
17,3,33,17,0
6,1,39,11,0
8,5,46,15,0
20,4,61,10,0
12,5,77,2,0
16,4,31,20,0
7,5,49,14,0
4,3,24,0,0
16,3,51,5,0
14,2,65,1,0
9,1,20,14,0
6,1,83,15,0
20,3,88,16,0
3,1,85,23,0
1,5,39,21,0
1,4,82,1,0
3,3,30,0,0
13,2,98,4,0
11,5,54,4,0
15,2,23,17,0
2,5,25,20,0
13,2,56,14,0
15,1,60,15,0
14,5,64,17,0
11,4,86,2,0
5,1,87,1,0
2,3,71,23,0
13,1,21,18,0
4,1,61,19,0
18,2,77,3,0
1,3,84,22,0
7,4,66,11,0
12,5,95,17,0
16,5,71,1,0
8,5,35,4,0
17,4,81,3,0
18,5,39,16,0
9,4,81,16,0
15,3,78,23,0
15,1,87,17,0
17,1,67,3,0
12,1,47,23,0
14,5,35,14,0
16,3,52,14,0
13,5,63,22,0
10,2,69,0,0
13,5,69,3,0
2,1,93,7,0
19,3,57,23,0
6,1,87,4,0
10,1,86,22,0
6,4,84,4,0
14,1,81,15,0
10,5,58,5,0
12,1,24,1,0
20,4,97,23,0
16,3,37,2,0
1,3,43,18,0
20,5,44,5,0
3,4,40,14,0
15,4,85,10,0
1,3,93,21,0
13,1,98,1,0
13,2,91,7,0
13,1,54,12,0
20,2,85,20,0
11,1,76,4,0
1,3,52,14,0
8,3,30,11,0
8,5,39,0,0
15,1,31,5,0
20,5,53,15,0
12,1,48,20,0
6,3,65,14,0
12,1,28,0,0
14,1,94,16,0
12,2,66,20,0
12,1,37,14,0
15,4,81,8,0
10,2,76,2,0
14,2,28,1,0
6,5,39,6,0
4,4,80,17,0
7,4,67,14,0
8,5,32,0,0
16,5,55,20,0
17,4,65,21,0
5,1,54,9,0
18,4,38,2,0
2,4,43,3,0
20,5,34,10,0
8,3,57,13,0
8,5,65,8,0
3,1,86,2,0
12,4,97,16,0
4,1,96,4,0
12,4,50,2,0
14,1,93,2,0
9,4,95,2,0
13,1,99,15,0
18,4,71,15,0
1,4,26,19,0
16,5,73,9,0
7,2,55,7,0
15,5,27,4,0
17,4,83,14,0
20,1,69,3,0
15,5,59,15,0
15,4,47,13,0
7,5,99,1,0
18,4,80,15,0
12,1,23,6,0
2,1,42,23,0
5,4,80,5,0
7,1,59,0,0
3,4,26,4,0
13,3,33,7,0
16,4,91,17,0
12,1,78,2,0
7,5,22,23,0
10,1,98,3,0
11,3,22,10,0
19,2,49,22,0
17,2,75,14,0
6,3,89,17,0
13,1,45,4,0
18,2,83,1,0
17,2,30,22,0
10,1,66,10,0
19,4,30,8,0
11,4,71,21,0
9,2,99,14,0
3,3,89,6,0
1,4,22,14,0
6,4,37,11,0
15,3,67,0,0
12,3,40,14,0
12,3,77,10,0
9,3,75,5,0
14,1,24,17,0
11,5,96,8,0
14,3,85,15,0
13,4,28,18,0
17,4,87,9,0
20,2,92,11,0
10,3,88,14,0
11,3,53,10,0
14,3,22,1,0
3,4,87,7,0
1,4,73,2,0
12,1,41,5,0
15,5,81,21,0
13,1,34,4,0
5,2,91,12,0
7,3,89,10,0
12,3,36,1,0
8,1,69,17,0
16,5,66,6,0
15,4,91,11,0
10,1,53,14,0
17,1,31,4,0
9,5,50,17,0
20,4,43,13,0
19,3,65,0,0
10,5,35,10,0
10,4,42,22,0
2,5,92,20,0
6,3,84,19,0
11,4,87,2,0
5,2,96,3,0
5,3,83,6,0
20,2,29,17,0
14,1,51,23,0
9,3,68,22,0
15,1,99,7,0
20,1,100,20,0
2,4,24,23,0
6,1,54,7,0
8,5,69,17,0
13,1,83,11,0
1,2,85,10,0
14,4,65,22,0
16,3,71,14,0
13,1,95,19,0
18,2,42,9,0
17,1,34,19,0
1,5,23,14,0
9,3,93,12,0
6,4,84,10,0
11,2,60,3,0
15,4,100,6,0
7,3,99,6,0
5,4,80,13,0
3,2,39,9,0
5,5,23,2,0
15,3,40,2,0
2,1,30,11,0
11,4,94,6,0
15,2,54,23,0
11,4,42,11,0
12,4,21,1,0
2,5,48,2,0
19,2,55,19,0
17,1,76,13,0
14,1,55,14,0
2,1,58,4,0
13,3,85,17,0
18,5,44,8,0
7,2,63,14,0
9,1,32,17,0
12,5,31,22,0
5,2,73,8,0
16,3,21,19,0
18,2,24,18,0
18,3,45,20,0
11,1,34,18,0
15,5,40,23,0
2,5,41,5,0
15,1,86,21,0
1,1,84,11,0
19,3,39,5,0
12,3,100,6,0
16,3,98,18,0
11,1,56,2,0
9,3,95,12,0
14,4,98,20,0
8,5,45,21,0
11,3,58,16,0
2,4,28,13,0
14,2,63,4,0
3,3,80,2,0
11,2,90,4,0
20,2,54,15,0
6,5,75,16,0
11,4,79,13,0
13,4,78,20,0
20,3,63,22,0
2,1,84,10,0
15,3,56,11,0
5,1,45,0,0
16,5,24,9,0
1,5,29,6,0
9,1,46,7,0
2,2,77,0,0
9,5,79,2,0
9,1,93,15,0
2,4,21,16,0
19,2,84,23,0
8,5,47,0,0
13,5,67,9,0
6,3,93,2,0
12,4,58,21,0
14,1,74,3,0
19,3,56,17,0
15,3,98,7,0
14,1,35,3,0
14,1,47,21,0
5,3,98,14,0
19,3,40,11,0
13,3,22,11,0
11,5,91,8,0
4,3,79,4,0
18,4,76,14,0
19,2,24,6,0
8,3,26,15,0
7,2,35,1,0
6,2,50,5,0
5,2,98,21,0
18,3,20,9,0
1,5,51,22,0
6,1,65,19,0
5,1,98,15,0
16,5,66,16,0
11,4,77,12,0
7,5,63,21,0
8,3,34,10,0
1,3,30,16,0
8,5,48,1,0
9,1,69,14,0
1,2,49,15,0
18,5,36,12,0
4,3,92,4,0
6,1,55,14,0
18,5,95,18,0
11,4,58,17,0
12,5,40,7,0
6,5,65,0,0
2,5,35,9,0
2,5,58,23,0
10,3,77,6,0
17,2,61,13,0
19,1,57,23,0
18,5,55,2,0
19,4,23,20,0
7,5,61,22,0
13,2,71,15,0
18,2,38,1,0
12,5,51,23,0
17,1,51,9,0
6,1,40,19,0
20,5,25,6,0
19,5,73,5,0
5,3,98,12,0
12,4,88,3,0
1,1,33,11,0
8,2,50,11,0
4,3,58,16,0
2,2,20,5,0
9,4,40,19,0
10,4,43,8,0
12,1,42,11,0
13,2,61,18,0
15,5,72,5,0
4,2,43,22,0
18,1,35,3,0
14,3,80,18,0
5,1,35,4,0
1,1,39,17,0
5,1,58,13,0
8,4,35,17,0
8,1,33,13,0
7,4,51,10,0
15,2,62,6,0
7,4,71,13,0
2,2,71,3,0
12,1,33,7,0
3,1,94,5,0
11,4,62,3,0
19,2,49,5,0
9,2,92,13,0
17,2,80,23,0
12,2,20,14,0
18,2,44,11,0
4,4,63,18,0
1,3,91,23,0
6,3,25,3,0
17,1,50,21,0
4,4,92,3,0
17,1,53,5,0
14,1,93,11,0
6,5,86,8,0
14,5,30,11,0
12,5,64,1,0
20,3,31,18,0
3,2,46,15,0
4,5,27,11,0
20,2,83,10,0
14,1,80,13,0
6,1,97,21,0
10,2,37,16,0
16,5,46,6,0
10,4,63,14,0
11,2,58,23,0
17,3,65,11,0
2,3,69,7,0
8,1,48,15,0
13,1,64,4,0
13,5,26,19,0
5,5,70,3,0
5,4,44,15,0
6,2,24,0,0
9,2,70,7,0
9,3,54,23,0
17,4,53,10,0
1,4,85,23,0
17,5,81,14,0
20,5,22,9,0
15,2,64,23,0
12,2,23,2,0
17,5,86,11,0
16,4,38,6,0
17,1,53,12,0
3,1,66,10,0
2,4,85,14,0
14,4,59,20,0
18,4,50,17,0
5,4,83,13,0
15,5,44,18,0
4,3,48,21,0
3,5,39,9,0
2,2,77,19,0
7,5,83,23,0
9,2,78,6,0
17,5,37,23,0
17,4,92,9,0
14,5,45,8,0
15,5,83,1,0
3,5,27,13,0
16,5,29,8,0
7,5,84,0,0
6,4,47,21,0
1,4,54,4,0
13,2,30,0,0
6,1,37,17,0
1,5,49,3,0
18,5,43,17,0
3,1,46,1,0
10,1,41,1,0
1,1,45,0,0
8,1,37,18,0
2,5,33,9,0
14,4,80,8,0
4,3,94,2,0
5,3,72,19,0
13,5,88,22,0
13,2,25,4,0
16,2,52,7,0
8,5,98,7,0
10,1,51,0,0
20,5,27,2,0
13,1,100,12,0
2,5,61,22,0
13,1,51,19,0
19,3,74,2,0
2,2,94,8,0
19,1,22,7,0
17,2,66,10,0
8,5,91,5,0
14,1,57,16,0
18,3,94,13,0
11,3,87,15,0
7,1,77,3,0
1,2,77,10,0
17,1,26,7,0
18,3,67,23,0
15,1,99,4,0
9,3,55,7,0
19,4,49,19,0
12,3,56,5,0
18,3,32,8,0
20,2,28,18,0
11,1,69,17,0
11,3,70,15,0
1,1,46,17,0
8,2,73,14,0
18,1,64,21,0
13,5,27,21,0
12,1,48,22,0
16,5,67,11,0
15,1,40,23,0
6,4,55,5,0
16,2,92,17,0
10,1,76,17,0
2,2,22,8,0
1,2,81,7,0
11,5,37,11,0
9,3,82,22,0
20,2,68,9,0
16,1,74,13,0
4,1,36,21,0
20,5,23,22,0
2,2,51,4,0
11,2,100,18,0
2,3,93,6,0
3,1,48,15,0
3,4,67,17,0
19,1,45,19,0
3,2,77,22,0
8,1,47,5,0
1,5,59,6,0
3,5,30,7,0
13,5,25,16,0
7,4,35,11,0
2,4,72,21,0
8,1,61,9,0
10,2,80,22,0
15,4,58,3,0
5,3,76,15,0
15,1,37,9,0
1,1,76,10,0
5,4,20,4,0
8,3,75,2,0
6,1,28,4,0
8,3,26,11,0
18,4,51,8,0
16,3,24,1,0
9,4,29,11,0
17,4,86,0,0
8,1,99,0,0
17,3,49,20,0
10,5,41,17,0
16,1,69,13,0
12,2,33,20,0
8,3,39,16,0
6,5,40,0,0
3,1,80,0,0
7,3,79,11,0
14,1,51,10,0
19,2,61,21,0
18,4,64,11,0
6,5,68,12,0
13,4,59,9,0
7,2,55,21,0
5,1,38,2,0
1,2,83,5,0
18,1,49,5,0
3,3,58,6,0
9,5,91,6,0
10,5,68,16,0
1,1,68,23,0
8,1,80,19,0
5,5,76,17,0
4,1,25,2,0
1,4,21,1,0
3,1,32,4,0
13,5,45,6,0
4,1,56,15,0
18,3,99,5,0
6,1,67,8,0
12,4,95,18,0
9,5,49,18,0
8,1,66,20,0
17,4,24,18,0
4,2,48,9,0
5,4,56,3,0
6,5,57,9,0
13,4,56,2,0
11,2,62,17,0
5,1,55,17,0
8,4,100,19,0
10,2,91,17,0
17,2,54,20,0
2,3,72,6,0
5,4,95,8,0
12,5,94,0,0
20,5,66,20,0
14,3,31,19,0
9,3,40,14,0
1,1,83,17,0
2,1,39,17,0
11,2,67,22,0
9,2,62,11,0
14,1,93,3,0
16,5,37,14,0
3,2,74,19,0
15,1,80,19,0
17,1,51,12,0
19,3,58,10,0
3,1,99,3,0
11,1,57,18,0
20,4,54,12,0
9,5,86,12,0
16,4,99,20,0
18,3,35,9,0
9,2,32,21,0
11,4,77,14,0
2,2,26,21,0
16,5,56,5,0
20,4,94,20,0
15,1,39,2,0
17,5,96,21,0
17,4,61,17,0
5,4,54,2,0
5,2,60,15,0
12,2,94,20,0
10,3,98,2,0
1,1,98,14,0
11,2,77,16,0
7,5,68,12,0
9,3,72,0,0
9,1,77,1,0
5,2,41,4,0
3,1,87,0,0
4,2,79,15,0
8,4,60,3,0
11,3,42,19,0
3,2,52,22,0
1,1,89,13,0
15,1,29,17,0
12,1,62,1,0
1,5,90,7,0
9,2,88,14,0
20,5,33,19,0
9,5,21,15,0
8,2,66,2,0
12,3,93,7,0
2,4,56,5,0
5,5,23,2,0
4,5,51,7,0
6,3,25,0,0
7,3,78,21,0
15,4,63,22,0
2,1,93,5,0
7,4,80,8,0
12,5,75,0,0
7,3,49,22,0
13,2,74,16,0
1,4,75,4,0
17,4,51,15,0
10,5,36,2,0
2,5,46,1,0
13,3,42,17,0
13,3,89,16,0
4,3,37,2,0
9,2,34,1,0
3,1,86,23,0
10,5,31,19,0
20,3,86,18,0
17,1,52,8,0
1,3,90,3,0
15,3,53,19,0
2,3,92,21,0
5,2,60,19,0
20,5,95,1,0
8,3,86,8,0
4,3,74,10,0
16,1,91,12,0
17,4,28,22,0
12,4,84,2,0
10,4,38,2,0
6,5,39,15,0
7,4,61,13,0
16,4,91,21,0
13,4,93,10,0
8,4,77,0,0
17,4,96,22,0
5,1,36,13,0
12,3,40,23,0
12,1,21,9,0
4,2,84,23,0
13,5,89,14,0
3,3,76,14,0
9,5,82,10,0
5,1,68,20,0
13,5,58,21,0
20,2,73,20,0
1,4,86,4,0
3,3,45,2,0
17,5,93,21,0
6,3,42,10,0
19,2,30,22,0
15,4,39,2,0
10,1,52,18,0
5,4,97,20,0
3,4,46,18,0
13,4,62,8,0
16,5,99,20,0
18,1,68,2,0
1,3,83,22,0
18,3,97,14,0
14,4,43,4,0
11,1,97,20,0
5,5,100,7,0
13,2,25,6,0
1,3,25,19,0
9,4,90,18,0
6,3,23,4,0
5,5,28,4,0
20,2,49,2,0
4,4,33,4,0
9,2,70,6,0
10,1,94,13,0
9,2,24,6,0
2,5,38,1,0
5,3,60,22,0
14,3,80,9,0
19,5,46,21,0
16,3,52,1,0
17,5,36,15,0
15,1,57,19,0
8,4,56,20,0
2,1,61,1,0
4,2,38,10,0
14,4,78,9,0
16,4,91,10,0
5,5,76,11,0
12,3,52,21,0
12,4,77,22,0
16,3,38,5,0
9,4,92,13,0
8,4,36,8,0
9,2,29,14,0
10,4,100,13,0
7,4,34,15,0
6,5,77,19,0
3,5,72,18,0
13,3,77,20,0
15,3,38,10,0
14,5,33,13,0
3,5,56,11,0
10,3,67,19,0
11,1,79,16,0
16,2,96,15,0
19,5,87,12,0
13,2,28,0,0
10,2,65,17,0
1,2,30,18,0
10,2,52,7,0
4,5,62,22,0
13,3,24,10,0
5,3,96,4,0
9,5,20,17,0
15,2,98,1,0
7,5,38,6,0
10,4,91,13,0
4,3,94,18,0
4,2,91,13,0
15,2,45,11,0
19,4,96,13,0
10,1,99,6,0
7,2,69,5,0
10,5,38,18,0
12,3,91,4,0
6,3,69,10,0
4,2,77,16,0
12,1,99,20,0
16,2,88,23,0
13,3,77,14,0
8,1,44,12,0
14,3,25,23,0
2,2,36,16,0
10,1,56,17,0
5,3,86,18,0
4,4,49,8,0
8,1,86,17,0
18,3,90,18,0
19,1,51,8,0
19,1,50,19,0
11,1,96,7,0
8,3,24,20,0
4,2,38,22,0
10,3,75,5,0
11,5,66,5,0
10,2,21,0,0
4,1,64,7,0
8,2,93,15,0
14,1,87,9,0
2,4,65,4,0
15,5,48,6,0
14,5,96,9,0
2,2,97,19,0
19,3,77,18,0
16,2,60,22,0
15,4,56,13,0
17,5,72,0,0
13,5,29,9,0
11,2,42,10,0
11,3,70,2,0
11,5,28,10,0
20,4,51,20,0
1,1,90,3,0
5,1,87,17,0
2,2,40,14,0
3,2,33,9,0
1,2,79,6,0
7,3,37,1,0
1,5,37,20,0
16,4,57,4,0
10,1,100,5,0
19,2,33,14,0
20,2,80,15,0
10,2,25,17,0
18,1,78,19,0
18,4,33,18,0
9,1,45,2,0
20,4,85,22,0
13,5,70,1,0
19,5,56,9,0
9,5,30,13,0
16,4,77,23,0
20,3,90,4,0
16,3,64,4,0
3,2,66,4,0
11,4,61,21,0
18,1,52,9,0
9,5,38,16,0
17,3,82,10,0
20,4,99,21,0
11,2,44,13,0
1,4,40,18,0
20,5,38,9,0
15,1,41,3,0
20,3,73,19,0
5,5,61,18,0
4,3,72,20,0
3,5,71,9,0
4,3,40,12,0
19,4,22,8,0
2,5,83,20,0
11,3,94,7,0
13,3,55,4,0
17,1,43,1,0
13,5,97,0,0
19,1,78,14,0
18,4,53,5,0
18,2,84,14,0
8,1,59,5,0
16,2,81,9,0
9,4,20,1,0
19,1,59,8,0
4,4,77,21,0
17,1,51,18,0
13,5,90,4,0
18,4,66,5,0
3,5,69,12,0
13,2,71,14,0
1,2,32,8,0
11,2,39,8,0
9,2,68,2,0
5,4,52,3,0
5,1,63,13,0
2,5,73,19,0
19,5,42,14,0
18,2,60,21,0
7,5,23,6,0
4,5,35,18,0
7,3,67,21,0
12,5,65,8,0
19,1,76,6,0
9,2,54,7,0
12,3,89,2,0
20,3,71,11,0
13,2,70,15,0
17,1,75,9,0
13,3,83,17,0
9,3,75,0,0
10,3,35,2,0
7,1,95,5,0
13,4,77,3,0
17,3,99,10,0
12,4,32,5,0
3,4,75,17,0
13,2,55,22,0
9,4,98,19,0
17,3,82,15,0
20,3,98,12,0
1,4,75,8,0
20,4,38,11,0
10,5,54,18,0
1,3,48,16,0
12,3,82,5,0
16,2,40,15,0
13,3,49,5,0
2,3,27,13,0
19,5,46,12,0
15,2,33,11,0
4,3,52,20,0
4,4,42,5,0
3,2,37,14,0
9,5,90,4,0
12,1,30,20,0
17,4,83,0,0
9,2,48,4,0
9,3,83,3,0
15,4,62,17,0
2,5,23,4,0
11,5,88,23,0
17,5,20,16,0
18,5,65,8,0
12,3,27,23,0
17,1,45,6,0
8,5,35,12,0
2,4,62,12,0
19,4,46,11,0
4,2,53,8,0
19,2,52,4,0
11,3,87,3,0
6,5,20,20,0
18,5,68,16,0
6,1,70,11,0
17,3,65,8,0
19,5,70,21,0
14,5,38,5,0
5,3,90,3,0
15,3,88,22,0
12,1,27,0,0
2,5,49,21,0
6,5,60,17,0
15,3,96,18,0
20,5,57,16,0
15,1,42,7,0
9,5,88,5,0
8,2,48,20,0
2,2,99,19,0
10,5,65,3,0
7,5,39,10,0
1,1,89,15,0
15,3,57,6,0
8,1,54,0,0
17,5,85,7,0
6,5,53,12,0
12,5,43,13,0
12,3,100,19,0
15,3,96,2,0
14,4,32,20,0
8,5,99,17,0
7,4,35,12,0
12,2,40,7,0
12,5,83,11,0
3,4,30,13,0
8,4,62,23,0
15,1,88,17,0
20,5,89,9,0
15,5,44,3,0
9,1,29,9,0
18,2,40,22,0
17,3,21,6,0
16,3,69,20,0
2,3,85,19,0
11,3,55,8,0
16,5,87,19,0
18,3,44,16,0
14,4,58,21,0
20,5,74,12,0
1,3,23,9,0
4,2,25,0,0
7,3,35,6,0
3,4,97,2,0
5,3,89,3,0
13,3,21,18,0
5,2,37,11,0
12,3,39,3,0
11,4,60,11,0
7,4,76,9,0
20,1,82,4,0
1,5,87,13,0
2,4,52,12,0
13,2,80,16,0
11,1,73,5,0
7,5,37,14,0
2,2,68,9,0
9,5,29,12,0
9,2,20,12,0
1,4,82,10,0
19,4,81,18,0
6,5,41,23,0
5,5,79,20,0
17,5,60,23,0
2,5,71,5,0
17,4,42,13,0
5,5,44,0,0
18,1,60,8,0
17,1,39,21,0
18,1,21,4,0
6,5,98,6,0
6,3,69,4,0
15,4,41,16,0
20,4,99,22,0
6,5,36,16,0
3,2,24,0,0
10,1,100,23,0
11,1,72,22,0
3,2,98,21,0
17,4,62,22,0
3,2,28,20,0
9,2,41,21,0
10,2,100,9,0
15,5,67,13,0
5,2,98,1,0
9,4,70,8,0
6,1,48,22,0
6,5,61,21,0
19,1,75,11,0
17,1,65,7,0
15,1,76,1,0
6,4,75,0,0
6,2,62,23,0
10,2,20,5,0
17,1,90,14,0
18,4,40,3,0
14,1,35,13,0
5,5,53,17,0
13,4,43,8,0
4,1,100,11,0
12,5,51,9,0
16,3,48,15,0
14,1,28,15,0
16,4,31,21,0
16,4,35,1,0
17,1,90,21,0
18,1,71,11,0
18,2,93,22,0
6,3,73,17,0
5,3,48,21,0
12,4,82,7,0
15,1,67,18,0
14,4,59,11,0
1,3,68,3,0
17,2,96,15,0
14,3,97,22,0
17,5,66,22,0
5,3,22,11,0
12,1,60,20,0
14,3,81,10,0
6,1,90,9,0
14,5,90,12,0
7,3,40,14,0
9,1,21,2,0
7,4,96,14,0
15,4,98,12,0
16,3,59,2,0
4,5,64,13,0
11,1,85,23,0
16,3,49,16,0
5,3,72,22,0
2,1,45,15,0
7,2,38,17,0
18,3,56,17,0
15,4,73,11,0
10,5,30,3,0
2,2,78,21,0
3,2,80,22,0
18,4,90,12,0
7,5,57,20,0
1,3,41,12,0
14,3,45,16,0
3,3,95,18,0
9,1,82,5,0
1,2,86,12,0
15,3,89,2,0
16,3,35,15,0
14,3,45,19,0
10,4,40,5,0
20,5,63,1,0
10,4,55,23,0
8,4,27,17,0
4,1,83,4,0
11,3,55,20,0
10,1,55,15,0
4,1,62,3,0
17,5,28,11,0
9,5,85,5,0
15,3,29,2,0
10,3,25,19,0
18,5,41,6,0
3,1,96,5,0
2,5,75,16,0
18,1,83,8,0
6,5,52,13,0
6,1,92,19,0
8,4,46,17,0
7,5,29,20,0
13,3,24,1,0
9,4,76,0,0
7,3,72,12,0
11,2,78,6,0
5,5,56,6,0
9,3,74,22,0
20,3,53,23,0
9,3,67,12,0
7,5,74,22,0
15,5,35,8,0
7,1,41,11,0
15,5,93,19,0
15,2,32,20,0
19,4,53,1,0
8,4,86,11,0
19,1,77,4,0
16,4,48,9,0
9,1,79,1,0
6,1,47,11,0
9,2,34,13,0
11,1,38,0,0
12,1,39,10,0
5,3,50,2,0
19,5,73,18,0
9,4,96,12,0
11,2,23,6,0
2,5,46,4,0
16,1,45,9,0
12,1,70,12,0
19,1,28,17,0
15,1,21,10,0
14,2,37,3,0
10,5,81,10,0
15,3,35,17,0
8,2,65,10,0
17,5,37,8,0
14,4,61,20,0
17,4,99,20,0
19,2,72,12,0
9,1,72,16,0
7,5,88,1,0
19,5,92,12,0
1,3,38,7,0
5,4,76,3,0
4,4,26,13,0
19,3,31,2,0
15,4,54,14,0
7,4,40,14,0
8,3,42,20,0
4,3,36,6,0
17,1,63,16,0
20,3,63,8,0
16,2,91,5,0
1,1,21,14,0
10,3,75,16,0
10,3,82,0,0
13,4,95,15,0
15,5,41,22,0
15,4,42,14,0
7,2,47,12,0
8,3,22,16,0
13,2,71,21,0
3,3,81,8,0
16,1,80,19,0
17,3,82,12,0
3,2,30,0,0
13,1,94,14,0
15,5,21,22,0
19,4,93,16,0
3,2,33,13,0
14,4,63,12,0
9,3,43,0,0
5,5,48,10,0
13,1,85,8,0
15,1,90,12,0
5,1,45,9,0
2,3,50,18,0
11,3,35,18,0
4,3,75,4,0
3,1,40,10,0
4,3,87,0,0
15,2,79,1,0
11,2,52,3,0
15,5,93,18,0
19,1,63,14,0
19,4,21,9,0
11,2,94,13,0
6,4,20,6,0
18,4,80,5,0
5,3,95,12,0
12,4,52,21,0
19,3,97,3,0
8,1,62,20,0
17,4,43,11,0
16,1,61,3,0
10,3,46,1,0
5,2,42,16,0
11,1,43,19,0
15,2,91,20,0
6,1,80,3,0
19,3,71,3,0
19,4,87,21,0
20,5,52,19,0
12,2,75,19,0
15,1,22,6,0
14,4,31,19,0
20,5,47,11,0
5,4,21,16,0
1,4,48,18,0
15,2,77,5,0
8,3,68,11,0
13,1,71,14,0
6,2,85,15,0
18,4,64,18,0
3,5,70,23,0
11,2,45,15,0
10,3,64,19,0
9,3,50,15,0
14,2,62,3,0
3,5,72,8,0
13,4,69,23,0
9,5,61,13,0
10,1,57,12,0
11,3,72,16,0
13,2,64,7,0
14,5,35,23,0
9,5,32,10,0
13,4,60,20,0
2,2,33,16,0
14,1,72,15,0
19,5,65,11,0
5,2,28,13,0
3,1,72,13,0
6,3,67,19,0
12,2,54,11,0
15,1,87,4,0
4,2,92,3,0
7,4,23,15,0
19,2,78,10,0
7,2,75,4,0
7,3,36,23,0
5,2,63,11,0
10,3,75,4,0
4,4,65,13,0
17,1,21,9,0
13,4,78,7,0
11,4,83,2,0
12,5,77,0,0
10,5,63,12,0
20,1,59,6,0
10,4,54,13,0
14,4,54,20,0
20,4,71,20,0
17,4,84,16,0
7,4,75,14,0
6,3,44,6,0
1,5,64,17,0
4,5,78,19,0
8,4,93,9,0
12,4,49,1,0
15,5,62,23,0
20,3,34,12,0
5,3,79,14,0
17,2,64,13,0
17,2,43,8,0
9,5,25,8,0
14,2,20,11,0
9,4,75,10,0
2,1,79,5,0
6,4,74,11,0
3,1,84,12,0
3,2,71,0,0
15,5,88,17,0
4,1,85,7,0
12,2,51,23,0
11,1,42,15,0
17,2,45,12,0
2,2,45,19,0
3,5,61,8,0
3,2,33,11,0
1,1,84,12,0
16,3,54,19,0
1,1,44,14,0
19,3,32,3,0
11,2,60,7,0
17,4,98,13,0
19,4,58,14,0
8,4,63,6,0
10,4,44,4,0
16,3,98,22,0
13,1,21,2,0
10,3,42,15,0
3,3,22,19,0
2,4,36,23,0
17,5,46,22,0
19,3,75,1,0
5,1,36,9,0
13,2,71,9,0
5,4,29,11,0
5,1,46,4,0
6,1,100,15,0
18,3,71,4,0
5,3,75,20,0
5,4,57,9,0
3,2,39,8,0
8,3,29,0,0
18,5,21,8,0
12,5,53,4,0
15,3,53,17,0
18,3,98,11,0
19,3,98,9,0
20,4,44,2,0
4,5,72,2,0
12,1,58,14,0
6,1,78,0,0
5,1,58,22,0
11,2,49,9,0
19,2,49,23,0
3,3,67,2,0
11,2,41,22,0
6,3,72,9,0
8,1,60,3,0
1,4,96,5,0
15,3,55,21,0
17,4,83,1,0
11,3,95,19,0
15,2,86,7,0
14,3,40,23,0
17,2,83,2,0
19,1,62,16,0
8,5,91,18,0
14,3,48,0,0
11,5,82,12,0
3,1,35,1,0
10,3,75,15,0
1,4,64,20,0
8,1,27,22,0
3,1,82,19,0
16,4,33,1,0
4,5,21,8,0
4,3,54,23,0
13,4,29,13,0
17,1,82,10,0
11,4,81,21,0
2,3,99,16,0
3,2,40,0,0
9,1,98,10,0
13,4,99,6,0
19,3,38,7,0
13,4,87,22,0
6,1,41,8,0
18,2,100,22,0
15,1,38,2,0
12,2,40,10,0
10,2,41,13,0
13,3,38,23,0
3,4,42,9,0
19,1,89,16,0
2,5,79,3,0
10,3,77,8,0
9,2,35,3,0
20,1,71,1,0
9,2,100,2,0
1,1,31,14,0
20,1,49,20,0
19,1,100,19,0
18,1,30,3,0
5,4,38,21,0
4,1,100,23,0
2,4,89,14,0
8,5,42,2,0
7,4,61,3,0
16,4,39,2,0
9,5,78,16,0
2,3,56,8,0
1,4,59,20,0
20,4,44,1,0
14,3,98,16,0
3,4,59,20,0
1,4,46,15,0
13,2,31,21,0
16,3,21,4,0
20,1,90,17,0
7,4,82,17,0
7,5,94,5,0
11,5,46,18,0
2,5,38,22,0
20,4,43,17,0
19,5,36,5,0
15,1,87,20,0
8,2,41,22,0
3,3,53,12,0
8,1,94,20,0
1,1,23,23,0
11,2,46,8,0
4,5,25,10,0
4,3,28,6,0
13,3,40,6,0
18,3,77,2,0
6,2,89,23,0
5,3,52,19,0
19,1,97,14,0
7,2,74,7,0
3,1,27,5,0
7,1,68,23,0
8,4,34,11,0
15,1,58,7,0
4,1,49,5,0
7,1,82,7,0
18,1,95,10,0
13,3,93,7,0
8,3,46,0,0
19,4,41,17,0
8,1,80,0,0
7,1,36,4,0
5,1,72,23,0
13,5,68,13,0
5,1,24,5,0
17,5,76,17,0
16,1,27,9,0
13,4,68,2,0
17,2,83,13,0
8,2,58,19,0
20,5,86,8,0
12,5,26,21,0
15,2,86,23,0
14,3,93,2,0
15,1,46,7,0
14,4,52,21,0
7,5,79,12,0
7,4,100,6,0
16,4,26,11,0
15,3,55,1,0
6,2,85,21,0
10,1,73,10,0
3,2,41,23,0
6,1,75,17,0
13,3,91,11,0
14,3,66,12,0
7,4,85,2,0
18,5,52,4,0
2,5,47,6,0
5,4,60,3,0
4,5,47,14,0
20,3,24,10,0
2,1,45,7,0
12,3,51,15,0
3,5,74,2,0
10,1,87,13,0
16,2,51,0,0
3,5,68,20,0
11,4,67,3,0
4,5,89,8,0
16,2,62,12,0
12,1,44,16,0
17,5,86,7,0
13,2,92,6,0
14,1,94,5,0
3,2,73,4,0
14,3,37,17,0
3,1,73,19,0
2,4,42,2,0
18,3,34,12,0
1,3,78,23,0
8,1,65,8,0
8,4,77,5,0
9,4,84,1,0
3,2,46,0,0
6,2,48,10,0
3,5,72,5,0
15,3,22,19,0
7,3,49,4,0
4,4,54,3,0
14,3,66,2,0
13,2,49,4,0
13,1,53,7,0
19,3,89,23,0
9,4,49,14,0
11,3,90,9,0
15,4,76,18,0
11,5,59,12,0
15,2,73,2,0
15,2,88,11,0
9,3,98,3,0
19,5,35,5,0
1,1,25,0,0
6,3,88,11,0
2,1,99,3,0
8,4,28,17,0
7,1,53,13,0
5,1,22,13,0
9,1,88,17,0
20,3,72,21,0
1,3,42,10,0
6,2,46,10,0
9,1,52,11,0
4,4,52,5,0
12,5,82,1,0
2,5,47,4,0
20,4,92,1,0
20,4,78,16,0
20,3,67,4,0
16,3,29,1,0
12,5,58,17,0
14,3,32,17,0
15,4,31,19,0
8,2,39,11,0
15,3,22,15,0
1,2,37,19,0
5,2,47,15,0
6,3,83,1,0
8,2,90,19,0
6,4,82,2,0
3,3,57,5,0
1,4,53,12,0
4,3,78,6,0
17,3,57,15,0
17,1,58,14,0
2,3,84,23,0
18,2,86,16,0
8,4,68,17,0
4,2,30,1,0
11,1,53,1,0
5,5,22,20,0
19,4,96,4,0
17,1,53,16,0
11,5,21,11,0
1,1,39,2,0
18,2,90,17,0
6,4,74,15,0
20,2,39,1,0
11,2,74,18,0
16,2,59,1,0
16,3,49,5,0
14,2,53,23,0
15,2,33,20,0
19,4,66,6,0
1,5,89,10,0
7,2,29,4,0
16,3,23,19,0
19,4,20,20,0
18,1,100,6,0
5,3,33,17,0
15,4,72,18,0
20,3,46,22,0
13,1,34,11,0
17,5,24,10,0
6,1,20,1,0
9,5,89,22,0
14,3,91,16,0
16,2,26,7,0
2,4,99,6,0
5,2,88,10,0
20,2,35,15,0
15,2,51,22,0
4,3,20,22,0
11,2,42,20,0
9,4,65,20,0
20,5,81,6,0
1,3,56,10,0
16,2,66,15,0
12,5,35,4,0
8,4,67,11,0
18,1,78,21,0
17,3,51,3,0
11,4,50,19,0
16,5,94,14,0
6,4,84,17,0
8,2,72,20,0
4,3,38,11,0
14,1,42,11,0
15,3,38,20,0
10,3,57,14,0
14,5,76,9,0
5,5,44,2,0
8,1,24,16,0
9,4,92,0,0
15,1,30,4,0
10,4,33,10,0
2,5,93,1,0
12,2,63,10,0
17,2,32,18,0
14,3,58,12,0
3,4,44,11,0
15,1,95,9,0
7,1,78,21,0
10,2,51,2,0
5,4,62,16,0
17,3,28,13,0
18,4,56,16,0
11,1,61,12,0
8,5,32,9,0
13,1,100,21,0
10,4,85,18,0
1,3,87,8,0
7,3,47,6,0
14,4,44,12,0
10,1,71,8,0
4,5,59,0,0
6,5,79,6,0
19,1,71,2,0
7,2,59,17,0
9,3,80,23,0
13,1,80,21,0
3,2,39,2,0
11,3,96,22,0
4,4,85,8,0
7,5,76,13,0
8,1,75,8,0
4,4,20,8,0
18,4,63,18,0
16,2,81,23,0
19,3,24,8,0
5,1,20,15,0
3,5,77,4,0
11,3,90,14,0
2,3,64,13,0
9,1,49,0,0
15,2,42,5,0
6,4,89,8,0
2,4,21,9,0
1,2,97,17,0
3,3,99,16,0
17,1,83,20,0
15,3,99,6,0
6,2,72,10,0
20,5,63,3,0
10,1,69,23,0
3,4,29,15,0
3,5,68,13,0
17,1,27,14,0
6,5,83,0,0
9,3,40,1,0
20,5,49,4,0
14,3,83,11,0
3,3,41,15,0
16,2,28,20,0
3,2,81,4,0
1,2,54,22,0
2,2,84,7,0
4,5,96,5,0
20,5,42,6,0
14,4,66,20,0
1,5,97,8,0
3,2,29,22,0
3,5,69,12,0
3,1,22,11,0
6,1,98,19,0
20,3,48,2,0
12,3,58,0,0
8,1,57,14,0
17,3,29,16,0
19,3,27,6,0
19,5,70,11,0
8,4,82,11,0
3,3,41,22,0
9,1,24,0,0
19,1,75,15,0
1,4,72,6,0
14,5,29,14,0
20,5,67,4,0
12,2,91,11,0
18,3,85,22,0
13,2,56,6,0
18,2,52,8,0
4,4,100,20,0
13,5,36,1,0
20,4,76,19,0
6,2,76,4,0
14,4,70,17,0
13,5,94,7,0
3,3,99,5,0
18,4,45,0,0
8,4,78,12,0
20,2,81,21,0
17,2,35,19,0
14,4,46,12,0
17,5,32,5,0
8,2,43,3,0
20,4,31,18,0
16,5,37,12,0
10,4,84,9,0
11,2,32,17,0
3,2,34,7,0
1,2,98,5,0
9,4,44,5,0
7,4,93,4,0
16,2,24,3,0
12,5,61,4,0
9,1,90,19,0
12,4,38,13,0
3,1,92,20,0
15,5,76,8,0
20,2,90,18,0
12,3,79,9,0
7,4,55,19,0
4,5,92,9,0
15,1,46,13,0
8,2,50,14,0
17,4,48,13,0
10,2,56,3,0
5,1,100,19,0
15,4,55,2,0
15,5,88,13,0
11,4,70,7,0
3,4,95,5,0
6,3,41,12,0
9,1,24,14,0
13,3,21,7,0
12,1,99,6,0
16,3,75,14,0
6,4,41,5,0
20,4,57,22,0
9,3,64,5,0
12,5,82,16,0
4,5,68,20,0
15,3,83,5,0
13,4,95,12,0
11,2,90,16,0
11,2,45,7,0
5,3,62,2,0
5,4,98,19,0
18,4,92,14,0
8,3,68,0,0
5,2,27,8,0
16,4,98,2,0
4,2,38,20,0
13,2,45,0,0
3,1,55,13,0
19,1,55,23,0
5,4,66,18,0
2,5,24,19,0
6,2,37,1,0
1,3,88,19,0
11,1,22,23,0
8,5,100,4,0
16,1,28,17,0
5,5,37,5,0
7,3,45,15,0
18,2,66,18,0
15,4,92,18,0
1,2,35,20,0
3,5,61,15,0
15,1,41,14,0
8,2,27,13,0
8,5,73,0,0
19,2,52,8,0
5,5,35,1,0
9,1,27,15,0
11,2,85,20,0
19,5,38,6,0
2,4,45,9,0
7,1,98,12,0
3,4,29,6,0
7,4,79,17,0
2,4,87,10,0
13,3,85,2,0
13,4,66,5,0
18,5,59,13,0
14,5,60,18,0
19,2,42,18,0
2,5,21,8,0
10,2,34,21,0
18,3,60,7,0
8,4,21,15,0
7,3,91,18,0
18,1,75,21,0
2,1,37,23,0
1,3,27,7,0
7,3,44,18,0
14,1,75,3,0
12,4,91,4,0
5,2,95,1,0
3,1,72,22,0
16,2,43,0,0
19,3,30,11,0
18,2,25,1,0
3,2,86,15,0
8,2,70,13,0
13,2,71,17,0
19,5,60,8,0
10,5,74,17,0
9,5,85,17,0
9,3,78,4,0
8,5,30,17,0
3,5,28,7,0
18,2,20,2,0
16,4,77,20,0
16,4,62,0,0
9,1,58,5,0
7,2,64,4,0
18,3,98,7,0
5,5,38,13,0
14,4,82,5,0
8,1,88,16,0
1,2,63,22,0
16,2,21,9,0
6,1,38,6,0
7,4,37,1,0
16,5,23,17,0
11,4,92,4,0
20,2,22,5,0
4,3,88,15,0
11,1,70,18,0
17,5,84,20,0
7,5,87,14,0
5,2,26,2,0
9,2,100,4,0
15,5,61,8,0
19,5,82,19,0
6,1,74,6,0
18,2,42,20,0
8,2,69,9,0
18,3,59,7,0
2,3,59,14,0
6,1,28,0,0
15,4,48,23,0
15,2,89,8,0
10,2,99,10,0
15,5,27,10,0
4,5,43,4,0
15,3,45,4,0
16,3,88,9,0
4,4,55,4,0
14,5,66,3,0
8,5,82,3,0
3,5,94,17,0
6,5,22,16,0
14,5,75,10,0
1,2,49,19,0
10,2,97,15,0
4,3,86,4,0
2,4,72,21,0
9,1,31,10,0
5,2,68,2,0
12,3,85,13,0
12,5,67,17,0
20,2,32,10,0
2,4,68,16,0
20,5,44,3,0
7,1,87,8,0
16,3,65,12,0
13,1,44,20,0
3,3,86,12,0
17,4,63,17,0
7,5,74,15,0
16,2,61,14,0
2,2,24,5,0
17,3,32,2,0
13,4,79,13,0
17,5,40,13,0
4,1,65,12,0
18,2,40,16,0
13,1,83,20,0
2,5,65,17,0
16,3,24,9,0
14,3,39,11,0
9,2,63,13,0
4,3,92,19,0
19,5,45,15,0
1,2,35,13,0
12,5,69,18,0
10,1,53,23,0
7,2,21,0,0
4,4,63,22,0
14,3,33,20,0
5,4,90,22,0
17,3,84,13,0
5,4,21,14,0
6,3,75,3,0
18,4,97,21,0
4,1,74,19,0
2,4,27,9,0
17,4,50,19,0
4,2,80,23,0
5,3,81,14,0
19,1,99,20,0
17,3,79,15,0
12,3,44,14,0
17,3,47,8,0
13,2,61,4,0
19,1,64,23,0
7,1,65,4,0
4,3,33,12,0
9,3,74,17,0
2,5,97,14,0
5,4,25,6,0
15,4,56,9,0
5,2,87,7,0
11,2,47,14,0
9,5,52,22,0
1,5,56,3,0
20,3,94,12,0
17,4,20,22,0
10,5,65,21,0
10,3,70,3,0
11,5,21,18,0
20,5,60,7,0
10,3,66,3,0
17,1,47,18,0
15,2,35,16,0
10,3,94,3,0
8,5,52,3,0
13,3,29,22,0
15,1,52,8,0
19,3,59,16,0
13,4,89,18,0
19,2,74,8,0
3,2,87,1,0
3,3,77,5,0
18,5,71,7,0
18,3,96,18,0
3,2,41,19,0
2,3,100,15,0
17,3,61,19,0
4,1,57,21,0
12,5,96,11,0
3,5,58,19,0
15,2,97,22,0
6,1,33,0,0
4,5,34,20,0
11,3,30,18,0
1,4,96,4,0
16,5,31,9,0
15,1,32,11,0
9,1,73,6,0
4,5,35,12,0
19,4,25,1,0
2,3,33,11,0
6,4,29,19,0
17,2,51,9,0
18,1,77,9,0
8,5,35,0,0
18,1,38,0,0
14,5,66,5,0
8,3,24,6,0
18,5,90,23,0
1,2,44,3,0
13,4,71,5,0
18,1,71,3,0
9,1,80,21,0
1,1,78,9,0
10,5,88,23,0
16,4,68,19,0
5,1,25,2,0
20,1,70,9,0
14,3,66,7,0
11,5,49,17,0
1,1,34,18,0
20,5,47,10,0
16,2,44,18,0
13,5,87,4,0
17,3,26,16,0
20,5,28,2,0
13,1,39,4,0
5,3,46,9,0
1,1,48,13,0
20,5,89,10,0
17,4,48,9,0
10,1,36,12,0
19,2,74,15,0
16,3,88,0,0
14,3,81,14,0
6,5,100,22,0
9,2,96,18,0
10,1,36,7,0
20,1,41,3,0
9,4,20,6,0
11,5,69,8,0
8,1,23,14,0
4,3,90,20,0
17,4,96,20,0
4,5,69,22,0
4,3,28,3,0
19,3,42,2,0
3,1,75,23,0
14,1,45,4,0
15,3,100,20,0
8,2,78,8,0
6,3,69,5,0
20,4,68,10,0
6,3,37,12,0
13,2,76,4,0
4,3,59,4,0
9,2,66,6,0
14,4,43,17,0
16,5,30,15,0
14,4,30,5,0
13,3,88,4,0
12,4,52,9,0
1,2,64,9,0
7,3,27,11,0
10,1,77,7,0
7,5,60,2,0
15,2,65,20,0
4,1,42,9,0
1,2,41,16,0
16,2,29,12,0
8,1,45,5,0
1,4,64,10,0
18,5,39,21,0
12,4,49,13,0
11,4,45,1,0
10,4,78,9,0
16,1,53,14,0
14,2,65,16,0
3,5,24,0,0
9,3,36,21,0
13,1,51,18,0
13,1,84,19,0
12,3,20,2,0
1,3,21,23,0
16,4,54,3,0
14,4,44,10,0
19,3,69,1,0
5,1,33,2,0
12,4,23,7,0
11,3,71,14,0
5,3,25,13,0
6,5,48,10,0
5,3,41,8,0
13,2,59,7,0
1,1,87,23,0
4,1,55,19,0
13,3,40,17,0
8,3,37,1,0
9,3,27,22,0
11,2,70,3,0
12,4,58,16,0
16,3,68,15,0
16,5,70,5,0
19,3,25,15,0
20,3,69,20,0
16,1,95,10,0
16,1,51,12,0
11,5,52,23,0
2,4,69,16,0
17,2,66,20,0
13,1,93,19,0
6,1,30,8,0
4,5,73,3,0
9,4,83,12,0
5,5,90,11,0
13,4,72,12,0
16,4,53,22,0
4,2,43,1,0
6,2,59,23,0
1,4,48,20,0
14,2,80,19,0
1,5,42,6,0
20,4,54,2,0
9,4,34,19,0
15,4,37,20,0
13,1,58,17,0
11,5,59,18,0
19,4,53,5,0
4,5,100,3,0
16,2,99,12,0
19,3,41,8,0
10,1,31,3,0
15,1,38,23,0
18,4,100,12,0
4,4,58,11,0
1,2,73,0,0
11,1,66,20,0
11,3,88,1,0
9,5,99,17,0
14,5,99,14,0
6,1,44,0,0
13,1,85,9,0
15,5,58,23,0
13,1,57,18,0
13,1,31,17,0
9,4,31,15,0
10,1,49,18,0
7,5,84,0,0
6,2,38,4,0
13,3,55,19,0
18,4,82,20,0
9,3,86,19,0
9,5,36,1,0
5,4,42,19,0
11,3,96,1,0
2,4,30,19,0
17,4,47,14,0
7,1,65,8,0
6,3,49,14,0
3,3,24,15,0
3,3,94,16,0
12,1,44,17,0
6,5,84,14,0
17,2,53,6,0
13,3,41,16,0
13,3,27,7,0
7,4,89,7,0
4,1,99,17,0
19,2,24,4,0
8,1,42,7,0
16,3,44,8,0
15,2,95,11,0
15,5,84,9,0
17,2,89,16,0
3,1,89,21,0
20,3,96,11,0
15,3,28,17,0
6,1,55,20,0
2,3,25,3,0
9,1,20,6,0
1,5,96,11,0
7,1,81,6,0
15,4,95,9,0
7,5,75,5,0
17,1,44,19,0
1,3,47,14,0
2,2,39,12,0
2,5,57,12,0
1,3,28,11,0
15,3,81,14,0
14,5,41,14,0
15,1,99,2,0
10,1,28,15,0
5,1,91,21,0
3,1,96,15,0
15,4,38,6,0
10,5,27,17,0
18,1,71,6,0
9,4,22,20,0
12,1,53,3,0
8,5,73,4,0
3,1,36,23,0
10,3,58,20,0
19,3,95,6,0
12,3,84,12,0
4,4,38,23,0
12,5,55,9,0
8,4,73,13,0
19,2,97,20,0
1,5,36,9,0
3,3,81,6,0
9,5,86,8,0
1,3,58,2,0
1,4,70,20,0
13,3,83,12,0
10,5,62,12,0
17,2,22,6,0
17,4,25,10,0
17,3,69,13,0
17,1,87,9,0
1,5,64,5,0
20,1,95,15,0
18,4,60,10,0
14,1,36,8,0
20,1,49,15,0
8,2,67,2,0
13,1,62,10,0
20,5,39,9,0
15,1,39,2,0
11,2,41,15,0
11,5,39,4,0
11,1,35,7,0
11,2,67,3,0
13,1,21,5,0
1,1,58,3,0
2,3,77,0,0
2,1,27,14,0
16,3,39,4,0
6,1,32,23,0
15,3,96,12,0
13,2,72,3,0
18,2,97,12,0
5,2,86,23,0
5,2,82,6,0
20,3,67,19,0
17,1,77,14,0
4,3,51,4,0
5,3,43,19,0
16,3,96,15,0
6,5,33,11,0
15,2,62,20,0
11,5,74,11,0
1,3,51,22,0
1,1,86,11,0
13,2,83,17,0
15,1,56,0,0
10,5,89,4,0
20,5,70,9,0
19,3,44,9,0
9,2,30,23,0
1,5,45,8,0
16,2,80,11,0
8,2,66,18,0
15,3,78,6,0
17,5,45,7,0
9,3,82,19,0
6,1,98,23,0
3,2,94,22,0
19,5,61,10,0
19,3,86,20,0
8,3,70,6,0
19,3,41,17,0
13,3,81,18,0
16,1,70,0,0
16,1,98,15,0
10,3,97,3,0
15,5,64,20,0
7,3,44,18,0
12,5,46,8,0
15,3,40,9,0
14,3,77,14,0
2,1,25,17,0
2,2,30,14,0
6,1,92,12,0
11,2,45,23,0
3,3,20,4,0
14,4,89,3,0
14,4,38,7,0
13,2,54,22,0
11,4,54,19,0
14,1,57,13,0
6,2,72,10,0
17,5,53,22,0
5,2,39,1,0
17,4,72,1,0
16,4,78,18,0
4,4,68,6,0
15,4,55,2,0
16,1,52,17,0
15,3,79,21,0
17,5,46,16,0
10,5,78,14,0
1,2,66,19,0
14,4,49,17,0
8,1,98,4,0
8,4,72,11,0
16,3,56,2,0
18,3,87,13,0
17,2,78,10,0
14,1,68,16,0
12,4,56,20,0
11,1,39,9,0
13,2,77,6,0
18,2,30,20,0
6,3,69,16,0
12,1,55,22,0
20,4,65,11,0
18,3,59,17,0
10,4,98,11,0
4,1,25,14,0
17,1,64,15,0
4,5,44,8,0
7,1,96,3,0
14,3,62,0,0
7,2,34,13,0
14,1,49,5,0
11,2,58,4,0
19,3,84,10,0
6,4,28,15,0
15,5,32,19,0
19,5,83,6,0
14,3,38,22,0
8,1,63,17,0
10,3,78,18,0
11,3,43,21,0
12,2,73,11,0
16,4,79,21,0
12,4,40,13,0
4,5,91,4,0
11,2,65,5,0
7,5,94,18,0
19,4,39,17,0
17,3,76,2,0
8,2,70,13,0
3,3,100,20,0
16,2,84,5,0
16,4,87,20,0
15,5,55,11,0
14,5,55,10,0
1,1,38,20,0
19,4,47,18,0
3,5,34,7,0
16,4,71,15,0
8,1,100,3,0
11,5,68,17,0
13,1,44,12,0
16,5,86,20,0
14,5,63,18,0
4,5,78,23,0
9,2,65,20,0
2,3,95,8,0
19,5,52,4,0
3,5,27,17,0
20,2,64,3,0
4,2,74,21,0
5,5,68,20,0
3,1,55,9,0
15,3,99,9,0
7,3,83,16,0
17,1,84,15,0
15,3,39,21,0
13,5,75,16,0
6,4,92,8,0
2,5,45,5,0
3,2,86,20,0
20,2,44,8,0
10,4,50,20,0
7,1,38,4,0
20,5,49,14,0
18,3,32,9,0
14,4,81,7,0
6,5,53,17,0
7,3,41,11,0
12,3,74,5,0
19,2,25,1,0
9,3,28,5,0
9,2,74,0,0
14,5,72,7,0
2,3,38,20,0
16,1,71,12,0
18,4,61,18,0
5,1,24,0,0
11,4,76,18,0
10,4,60,13,0
16,5,53,2,0
12,3,100,16,0
15,1,40,23,0
17,2,23,8,0
6,3,100,19,0
15,3,48,4,0
8,5,56,8,0
19,5,43,8,0
8,2,29,7,0
6,5,72,13,0
1,3,94,10,0
14,5,96,21,0
10,4,53,23,0
3,1,58,16,0
5,1,98,8,0
2,5,45,13,0
11,2,39,12,0
17,2,48,15,0
11,2,68,17,0
14,5,94,0,0
7,4,40,1,0
20,2,48,18,0
12,1,37,7,0
1,4,31,5,0
8,1,32,6,0
18,4,85,14,0
20,1,22,21,0
14,4,41,7,0
1,1,29,0,0
4,4,66,13,0
6,3,45,13,0
20,5,72,19,0
3,1,43,15,0
15,2,68,12,0
3,2,80,23,0
17,4,47,18,0
12,4,68,16,0
1,5,95,21,0
1,5,61,4,0
1,5,67,18,0
19,3,56,22,0
7,5,60,5,0
11,2,87,10,0
3,3,78,6,0
7,1,83,18,0
6,3,78,12,0
16,4,59,10,0
19,5,78,22,0
4,5,80,21,0
19,2,47,2,0
8,1,92,1,0
2,3,64,19,0
3,5,69,0,0
17,4,23,18,0
14,3,48,6,0
4,3,50,7,0
4,1,31,22,0
5,2,79,16,0
16,1,77,16,0
16,5,42,4,0
5,1,80,23,0
16,3,59,15,0
6,2,79,20,0
10,4,83,20,0
4,3,46,12,0
15,3,52,21,0
4,1,44,23,0
20,1,87,15,0
8,2,55,14,0
3,5,58,19,0
11,3,66,15,0
11,5,47,14,0
10,5,40,2,0
7,1,95,22,0
3,3,24,20,0
8,5,43,17,0
4,5,41,0,0
10,2,92,2,0
16,2,61,2,0
17,2,61,14,0
16,5,71,4,0
1,2,30,6,0
14,5,31,6,0
14,5,34,15,0
16,2,51,18,0
12,5,94,23,0
7,2,46,3,0
18,3,54,1,0
19,3,67,10,0
15,1,88,4,0
9,2,20,2,0
8,3,29,23,0
16,5,66,2,0
5,3,35,4,0
3,5,43,9,0
14,1,25,5,0
18,1,72,9,0
20,5,24,14,0
13,2,20,17,0
1,4,80,1,0
13,5,97,22,0
12,3,39,10,0
12,3,65,10,0
6,1,84,2,0
13,5,73,21,0
15,3,52,11,0
13,4,67,16,0
8,1,98,9,0
6,5,67,9,0
5,3,93,19,0
9,5,60,5,0
2,5,90,2,0
7,5,41,9,0
3,3,61,18,0
15,3,39,22,0
15,3,45,2,0
9,4,53,21,0
12,5,83,18,0
12,1,72,1,0
19,2,26,22,0
3,3,46,14,0
19,5,77,6,0
2,3,74,16,0
8,5,91,20,0
11,2,72,0,0
14,3,71,13,0
2,1,52,2,0
3,1,71,11,0
12,3,27,16,0
18,1,45,20,0
4,2,49,13,0
9,1,40,5,0
15,4,80,0,0
18,3,79,16,0
10,1,99,20,0
7,4,46,17,0
3,1,68,15,0
11,1,41,5,0
11,1,71,10,0
2,1,23,15,0
6,4,35,1,0
14,2,57,10,0
19,3,66,3,0
10,2,21,10,0
3,3,95,12,0
5,3,25,8,0
9,4,21,11,0
14,3,41,2,0
18,4,74,21,0
10,1,78,1,0
1,1,68,12,0
15,4,88,1,0
19,1,22,12,0
4,5,79,18,0
3,5,96,23,0
2,1,78,2,0
5,1,47,4,0
17,2,29,19,0
13,2,77,20,0
5,2,52,13,0
12,4,56,17,0
20,1,64,23,0
19,4,39,20,0
8,3,60,18,0
16,4,54,15,0
1,2,51,17,0
8,5,49,13,0
8,2,60,7,0
16,5,72,18,0
11,4,57,17,0
8,5,32,10,0
7,4,61,19,0
13,2,58,1,0
1,4,25,23,0
1,1,59,20,0
16,4,54,6,0
6,3,53,20,0
20,3,55,6,0
3,4,47,18,0
5,3,34,0,0
11,2,85,14,0
7,1,37,2,0
8,4,96,18,0
19,4,28,11,0
18,1,20,19,0
8,3,29,17,0
2,2,69,16,0
19,5,80,14,0
7,4,85,4,0
15,3,47,14,0
19,5,27,9,0
8,5,56,12,0
8,4,33,15,0
15,4,73,16,0
3,2,36,22,0
15,2,27,5,0
6,2,31,12,0
11,4,23,23,0
16,1,30,15,0
1,3,20,19,0
12,5,31,4,0
15,1,26,14,0
19,1,70,22,0
14,3,89,12,0
3,4,64,16,0
15,4,31,5,0
20,1,86,17,0
4,2,78,13,0
6,5,72,16,0
20,4,43,9,0
2,2,57,17,0
2,3,25,3,0
20,3,81,8,0
20,1,38,5,0
16,1,88,20,0
6,2,64,15,0
6,1,87,19,0
15,4,28,1,0
4,3,32,9,0
4,1,41,11,0
11,5,84,13,0
12,1,44,17,0
12,5,52,21,0
17,5,80,14,0
4,1,70,1,0
1,5,51,0,0
1,5,25,1,0
19,5,56,16,0
2,5,67,23,0
11,5,42,10,0
3,3,78,13,0
14,1,76,8,0
9,5,62,7,0
18,5,85,2,0
10,4,40,10,0
1,1,40,7,0
4,2,48,22,0
3,5,79,10,0
3,2,41,0,0
2,1,81,1,0
8,1,49,23,0
2,2,56,17,0
5,3,45,17,0
1,2,49,17,0
2,3,43,1,0
8,1,48,14,0
17,5,81,5,0
3,2,73,9,0
14,4,23,3,0
5,4,81,9,0
4,5,31,12,0
7,2,33,2,0
8,2,26,10,0
17,5,24,6,0
17,5,47,12,0
14,5,87,8,0
2,2,29,0,0
3,2,60,10,0
3,5,26,0,0
2,5,71,6,0
5,5,100,0,0
16,4,20,7,0
15,5,68,19,0
18,1,64,17,0
1,2,46,5,0
13,3,89,19,0
15,3,93,1,0
8,3,62,23,0
8,2,50,22,0
3,1,52,10,0
8,5,87,7,0
6,5,48,23,0
9,4,48,14,0
20,1,57,22,0
13,3,97,4,0
4,5,49,0,0
16,4,94,17,0
12,4,74,1,0
6,1,23,3,0
9,5,90,4,0
6,3,94,23,0
1,5,74,2,0
5,5,56,21,0
1,1,87,10,0
20,1,56,17,0
1,3,79,2,0
15,1,29,2,0
5,5,29,14,0
17,3,94,7,0
12,5,52,22,0
13,2,22,11,0
6,5,20,17,0
20,4,100,19,0
10,3,20,17,0
16,1,55,5,0
14,4,73,18,0
13,3,23,8,0
7,3,90,23,0
10,4,25,22,0
9,3,56,23,0
2,4,75,13,0
18,3,79,13,0
7,3,61,3,0
2,5,65,0,0
1,3,40,20,0
18,3,23,11,0
3,1,36,15,0
13,3,100,7,0
1,3,73,22,0
1,4,24,3,0
6,2,24,20,0
9,1,90,14,0
8,1,85,20,0
12,3,27,19,0
14,4,85,16,0
17,3,46,15,0
7,1,63,2,0
19,2,34,22,0
19,1,70,21,0
3,1,63,9,0
2,2,42,7,0
7,1,63,2,0
1,3,86,6,0
1,1,44,9,0
8,5,50,3,0
11,1,93,5,0
10,2,47,20,0
17,2,77,23,0
19,2,99,12,0
9,5,40,5,0
5,3,89,4,0
7,3,43,5,0
11,3,37,8,0
12,4,29,14,0
18,1,98,11,0
20,2,29,16,0
11,4,92,21,0
7,5,27,11,0
18,5,71,11,0
7,3,94,22,0
12,5,74,8,0
9,2,33,8,0
5,5,100,18,0
15,5,88,22,0
18,1,25,11,0
14,5,30,14,0
3,4,59,3,0
3,5,37,9,0
7,4,76,13,0
1,3,29,21,0
2,4,88,13,0
16,5,26,3,0
1,5,67,2,0
1,2,73,7,0
4,5,79,5,0
13,4,93,5,0
18,4,89,18,0
16,5,69,1,0
12,2,78,12,0
9,5,59,20,0
10,5,64,20,0
17,3,42,2,0
1,4,94,23,0
16,2,26,4,0
3,3,34,22,0
12,5,36,4,0
19,5,87,23,0
17,5,60,5,0
3,2,50,1,0
10,1,85,14,0
5,3,88,21,0
9,5,27,17,0
18,1,48,0,0
9,2,89,19,0
3,5,53,16,0
3,2,62,18,0
18,2,100,17,0
10,5,28,0,0
17,5,82,0,0
6,2,87,20,0
10,4,34,20,0
8,2,37,14,0
3,1,46,20,0
1,1,48,18,0
2,5,59,20,0
3,4,73,6,0
20,2,83,1,0
14,3,68,20,0
15,5,32,2,0
11,5,73,2,0
11,5,39,14,0
1,4,24,9,0
8,4,96,23,0
2,2,32,5,0
19,5,21,22,0
1,2,60,4,0
3,2,58,5,0
10,1,70,16,0
16,5,25,17,0
17,2,91,5,0
20,1,84,13,0
5,3,79,14,0
16,1,52,23,0
7,4,37,2,0
10,3,29,11,0
8,3,50,15,0
2,4,74,14,0
17,1,63,12,0
3,1,56,15,0
13,2,49,18,0
15,1,54,4,0
9,1,67,14,0
20,4,89,0,0
20,2,80,11,0
12,2,37,20,0
14,2,51,1,0
13,5,52,5,0
5,1,26,15,0
20,4,35,15,0
15,5,79,21,0
6,4,100,6,0
6,1,39,23,0
4,1,84,20,0
3,2,58,2,0
10,2,53,19,0
7,5,69,19,0
2,2,96,7,0
5,5,84,21,0
17,1,46,7,0
1,5,100,3,0
16,1,43,4,0
8,5,72,5,0
6,5,24,16,0
3,5,26,12,0
10,2,99,22,0
17,1,67,15,0
19,5,20,16,0
8,3,72,6,0
16,1,93,6,0
18,4,91,18,0
15,2,93,21,0
2,4,86,15,0
2,5,24,11,0
2,2,77,19,0
17,4,30,3,0
7,3,46,5,0
14,2,71,3,0
9,2,53,21,0
6,1,45,20,0
3,5,75,6,0
15,2,67,4,0
18,2,53,10,0
4,3,96,21,0
8,3,78,14,0
10,4,38,11,0
8,4,67,2,0
11,2,43,22,0
5,2,33,17,0
17,5,21,17,0
4,3,93,23,0
17,2,51,14,0
8,5,90,0,0
2,3,64,12,0
18,3,76,11,0
9,2,90,13,0
13,2,91,2,0
8,5,46,0,0
1,2,26,1,0
10,1,22,3,0
19,3,65,4,0
13,2,78,20,0
15,5,68,0,0
18,3,28,21,0
18,2,38,12,0
10,1,72,4,0
10,1,71,4,0
15,5,23,22,0
17,2,98,0,0
3,2,77,16,0
16,3,29,21,0
3,1,20,4,0
12,1,93,23,0
2,1,45,22,0
14,5,22,22,0
12,3,71,6,0
15,4,43,8,0
20,2,68,18,0
14,2,89,1,0
14,2,34,2,0
5,1,64,8,0
1,5,48,1,0
8,1,36,10,0
4,4,31,5,0
7,1,77,0,0
3,4,26,7,0
17,3,68,4,0
17,3,62,14,0
4,5,29,15,0
5,4,79,23,0
7,3,36,23,0
16,2,44,17,0
5,5,94,11,0
12,2,51,17,0
14,1,29,19,0
16,3,79,8,0
13,2,70,18,0
8,3,83,10,0
15,2,20,4,0
19,4,45,22,0
5,4,54,11,0
14,1,38,3,0
3,3,60,3,0
20,4,100,6,0
12,5,48,3,0
3,3,74,2,0
7,3,54,19,0
17,1,31,17,0
13,4,34,2,0
4,4,82,0,0
19,1,71,7,0
20,4,95,0,0
3,5,80,13,0
5,4,92,14,0
2,1,55,21,0
16,1,40,7,0
4,2,90,12,0
3,2,55,5,0
10,2,31,19,0
9,4,60,5,0
18,3,72,9,0
17,5,66,10,0
11,3,50,21,0
7,1,32,14,0
7,2,64,23,0
14,4,74,19,0
11,2,94,15,0
1,5,75,7,0
6,4,40,12,0
7,3,69,19,0
17,4,87,4,0
13,1,20,9,0
8,2,60,21,0
16,3,20,8,0
8,5,40,19,0
10,3,97,21,0
11,5,56,22,0
2,3,87,3,0
6,4,90,22,0
13,3,67,21,0
10,1,20,14,0
15,2,81,2,0
1,5,45,23,0
7,3,22,11,0
14,5,58,23,0
11,4,29,4,0
17,5,26,9,0
19,2,60,22,0
3,3,89,3,0
7,4,69,23,0
14,4,37,6,0
18,4,90,15,0
6,2,22,12,0
4,5,48,15,0
1,1,28,5,0
4,3,53,7,0
12,1,23,18,0
1,2,39,5,0
13,5,50,14,0
17,1,100,17,0
19,5,45,13,0
12,3,93,17,0
16,1,80,18,0
9,1,94,12,0
18,3,31,8,0
2,3,90,11,0
19,3,90,5,0
16,5,61,13,0
17,4,38,19,0
5,5,72,0,0
16,1,50,16,0
19,5,33,5,0
1,5,54,2,0
12,3,31,3,0
3,4,91,23,0
19,4,31,4,0
20,5,26,2,0
16,4,36,13,0
8,4,24,8,0
18,1,27,11,0
12,2,24,16,0
2,1,77,1,0
5,5,65,16,0
10,1,64,22,0
7,3,53,17,0
18,1,76,16,0
13,3,62,23,0
11,2,92,6,0
20,3,22,16,0
16,4,86,5,0
9,4,54,3,0
5,5,62,6,0
17,4,25,12,0
4,2,48,12,0
13,2,71,7,0
11,5,85,21,0
20,2,44,11,0
5,4,52,12,0
20,5,43,18,0
19,4,40,17,0
14,2,41,18,0
8,2,75,8,0
17,4,41,10,0
3,2,71,8,0
2,4,44,7,0
9,2,45,22,0
1,1,45,10,0
6,2,60,0,0
11,1,30,5,0
14,2,34,2,0
19,5,65,11,0
3,5,82,19,0
11,1,84,8,0
9,1,84,5,0
7,5,76,22,0
13,1,57,10,0
4,1,44,0,0
8,1,64,19,0
11,5,84,21,0
19,4,37,3,0
19,1,78,21,0
8,1,94,8,0
13,1,85,15,0
19,4,95,3,0
12,1,87,7,0
9,3,27,23,0
20,2,24,3,0
10,4,44,20,0
11,4,31,4,0
4,1,58,17,0
7,3,51,2,0
19,1,85,1,0
20,2,33,3,0
20,2,92,3,0
15,3,85,19,0
7,1,40,22,0
15,5,56,4,0
14,4,94,23,0
12,3,49,19,0
13,2,42,10,0
1,3,68,21,0
15,3,31,15,0
11,5,20,4,0
9,5,40,9,0
4,1,54,22,0
4,3,79,15,0
1,4,45,15,0
20,1,73,1,0
14,5,47,5,0
17,5,37,4,0
18,2,95,23,0
17,5,100,10,0
16,2,30,18,0
18,4,80,21,0
10,4,78,23,0
16,5,97,10,0
10,2,25,0,0
16,5,29,1,0
9,1,100,18,0
17,5,80,10,0
3,3,66,21,0
7,4,85,7,0
4,1,29,9,0
2,3,96,13,0
14,2,36,14,0
10,4,77,5,0
7,3,93,23,0
8,3,84,18,0
13,3,43,20,0
8,4,25,1,0
17,4,41,9,0
15,3,65,9,0
10,3,29,3,0
13,4,24,14,0
20,5,95,22,0
14,2,86,15,0
12,1,33,5,0
9,4,95,1,0
2,4,62,4,0
16,3,97,22,0
1,1,57,0,0
2,4,50,20,0
19,2,69,5,0
12,3,29,15,0
14,4,69,5,0
20,4,32,17,0
1,4,22,4,0
6,5,57,4,0
18,4,42,4,0
10,2,79,19,0
2,3,86,6,0
18,1,44,4,0
19,2,32,21,0
13,4,50,10,0
14,2,72,8,0
15,1,94,20,0
13,3,56,22,0
13,1,45,0,0
3,4,83,23,0
10,2,88,21,0
19,4,54,0,0
4,3,70,22,0
9,4,95,2,0
3,1,67,22,0
8,2,42,0,0
12,5,80,5,0
6,5,59,17,0
2,3,31,6,0
9,4,87,7,0
10,2,58,13,0
1,4,55,13,0
18,2,99,17,0
7,3,93,13,0
13,2,67,13,0
10,2,34,9,0
10,5,69,0,0
11,2,94,20,0
3,2,81,0,0
17,3,30,8,0
3,2,22,17,0
17,2,37,5,0
20,5,67,15,0
6,3,66,10,0
20,5,52,7,0
10,5,48,8,0
6,4,20,17,0
12,5,21,16,0
5,3,92,7,0
9,3,85,18,0
15,5,33,13,0
1,3,91,7,0
1,4,64,9,0
7,3,38,12,0
19,5,66,1,0
19,2,89,6,0
1,5,57,16,0
15,4,73,14,0
2,2,39,23,0
2,3,93,1,0
12,2,88,17,0
8,4,88,0,0
3,2,46,21,0
15,2,59,23,0
8,1,37,23,0
19,5,58,18,0
20,5,66,13,0
9,1,86,4,0
8,4,31,22,0
11,2,93,12,0
18,5,74,1,0
16,4,58,5,0
5,5,100,11,0
17,2,94,10,0
1,1,34,3,0
1,4,46,21,0
19,5,71,14,0
19,5,30,11,0
7,5,29,18,0
19,2,94,7,0
12,2,38,8,0
2,5,43,21,0
12,1,77,9,0
18,1,61,18,0
14,3,27,16,0
15,5,68,9,0
13,1,94,23,0
19,5,89,0,0
20,5,64,12,0
8,1,30,0,0
10,4,82,22,0
19,4,44,20,0
20,1,82,7,0
19,5,76,10,0
11,3,67,16,0
3,2,44,10,0
12,3,52,20,0
4,3,31,10,0
5,3,69,16,0
15,3,25,11,0
13,3,89,9,0
18,1,78,17,0
7,1,35,5,0
7,4,71,10,0
14,4,80,14,0
13,3,30,21,0
19,2,96,9,0
2,4,43,12,0
16,5,28,6,0
6,4,27,11,0
11,4,93,8,0
5,4,67,9,0
2,1,54,3,0
20,2,35,16,0
10,4,92,21,0
1,1,86,12,0
12,4,39,15,0
7,1,27,20,0
2,1,95,13,0
3,1,84,19,0
10,1,23,9,0
15,5,41,15,0
10,4,82,13,0
18,5,53,13,0
11,5,74,14,0
5,4,55,23,0
8,1,55,1,0
11,5,25,1,0
11,1,82,2,0
16,2,26,7,0
15,2,95,11,0
11,5,80,13,0
7,5,67,13,0
4,2,22,16,0
20,3,33,1,0
10,1,22,11,0
3,4,77,9,0
12,1,59,11,0
8,5,88,7,0
3,3,47,21,0
3,3,62,20,0
12,5,83,17,0
13,4,71,17,0
18,4,32,21,0
17,3,66,0,0
19,3,45,21,0
3,4,29,6,0
5,1,98,9,0
4,5,32,8,0
18,1,59,22,0
20,2,75,17,0
19,1,87,20,0
5,2,27,3,0
2,4,35,16,0
14,3,70,5,0
2,4,29,9,0
1,4,70,5,0
18,2,87,23,0
9,4,58,7,0
20,3,48,14,0
16,1,96,9,0
20,2,74,3,0
20,4,36,21,0
2,4,97,17,0
17,1,43,7,0
14,1,78,22,0
4,3,99,7,0
5,1,72,3,0
5,5,53,10,0
7,3,85,12,0
9,2,58,4,0
7,1,28,11,0
15,5,20,9,0
4,5,66,14,0
2,1,73,5,0
14,1,71,6,0
14,1,44,21,0
18,2,38,22,0
17,3,36,17,0
17,2,45,0,0
14,5,96,9,0
8,1,90,11,0
7,1,94,9,0
7,4,45,2,0
5,1,94,20,0
12,4,37,20,0
13,3,75,13,0
11,4,77,14,0
20,4,44,10,0
10,1,76,7,0
13,3,22,0,0
11,1,63,9,0
16,4,61,3,0
4,1,48,20,0
17,4,52,22,0
18,5,48,8,0
9,1,59,22,0
1,3,92,12,0
13,4,84,22,0
2,5,85,1,0
15,5,40,1,0
9,3,34,6,0
17,5,81,7,0
19,3,51,16,0
14,3,63,0,0
17,3,74,19,0
3,3,27,4,0
20,1,33,0,0
17,4,78,9,0
3,4,21,23,0
17,2,67,1,0
11,3,26,3,0
8,4,35,17,0
1,2,85,11,0
11,4,51,8,0
5,4,26,16,0
11,3,90,6,0
10,5,89,23,0
15,1,24,9,0
17,5,47,13,0
9,1,48,8,0
18,2,67,11,0
8,2,63,6,0
18,2,82,9,0
3,3,75,15,0
9,4,30,19,0
4,3,42,21,0
4,4,24,6,0
11,1,56,4,0
19,1,99,0,0
12,5,24,12,0
20,1,28,5,0
11,1,85,11,0
19,2,40,6,0
6,2,20,12,0
9,2,22,7,0
14,1,55,14,0
10,3,92,11,0
17,5,27,3,0
17,2,20,0,0
15,5,60,18,0
16,1,25,9,0
3,2,44,10,0
14,5,22,12,0
9,5,84,8,0
11,3,93,3,0
11,5,67,9,0
2,3,45,11,0
17,4,20,18,0
11,2,46,11,0
12,4,38,14,0
5,5,82,14,0
7,4,66,12,0
19,2,62,15,0
11,4,74,21,0
5,2,73,0,0
20,5,30,22,0
3,1,21,12,0
6,1,98,6,0
8,3,55,13,0
17,5,60,5,0
5,5,82,12,0
11,5,87,4,0
16,2,98,22,0
9,5,70,19,0
3,2,50,10,0
15,4,80,0,0
4,1,82,6,0
3,2,75,8,0
5,4,82,0,0
13,4,88,20,0
10,1,40,11,0
16,1,46,6,0
17,4,26,19,0
9,4,91,15,0
2,2,45,16,0
5,5,55,21,0
16,5,47,3,0
20,2,36,0,0
16,5,50,22,0
12,3,31,0,0
1,2,39,6,0
4,1,33,22,0
6,5,66,23,0
12,5,46,22,0
1,4,85,0,0
7,5,76,22,0
19,3,43,12,0
17,1,75,14,0
2,5,87,17,0
10,4,51,4,0
1,2,96,23,0
8,3,87,6,0
17,4,81,11,0
14,3,24,11,0
13,4,67,9,0
2,3,56,10,0
13,4,52,15,0
7,1,59,3,0
17,2,32,23,0
14,1,41,2,0
13,4,50,2,0
7,4,72,3,0
11,3,93,3,0
15,2,37,2,0
11,3,98,17,0
11,4,68,5,0
13,1,20,11,0
5,1,89,4,0
7,4,53,21,0
19,4,76,8,0
11,2,60,11,0
91,8,449,11,1
140,11,463,1,1
171,7,325,2,1
153,6,281,1,1
186,14,440,3,1
105,7,356,15,1
108,13,407,18,1
133,10,321,6,1
143,8,320,9,1
187,14,451,12,1
171,7,239,9,1
153,8,231,18,1
119,10,387,22,1
113,7,295,1,1
115,10,472,5,1
197,8,366,12,1
162,9,353,7,1
178,12,403,22,1
184,15,461,4,1
145,5,262,8,1
146,10,488,8,1
101,14,266,16,1
80,9,313,4,1
147,8,328,21,1
131,7,206,13,1
173,12,404,15,1
163,10,410,15,1
151,11,298,19,1
149,9,345,12,1
172,15,487,11,1
100,12,448,12,1
120,12,289,2,1
124,15,216,21,1
114,9,215,18,1
108,13,228,11,1
139,11,419,14,1
149,11,409,14,1
120,11,458,1,1
163,12,395,10,1
147,6,242,20,1
187,6,453,19,1
143,5,295,19,1
190,13,359,7,1
159,7,458,14,1
129,9,429,20,1
130,12,441,9,1
103,7,206,7,1
120,9,443,4,1
198,15,445,13,1
183,14,460,8,1
146,12,445,9,1
172,13,370,12,1
98,7,295,4,1
170,8,321,2,1
85,9,384,13,1
135,7,309,8,1
129,10,373,18,1
183,12,279,15,1
85,7,395,12,1
199,10,282,6,1
183,5,272,4,1
178,12,327,9,1
139,13,285,1,1
98,10,372,16,1
88,6,426,8,1
125,13,222,23,1
125,8,494,16,1
93,5,441,0,1
174,6,408,18,1
80,7,230,14,1
153,9,216,0,1
114,6,494,5,1
94,5,297,22,1
127,10,275,20,1
198,6,272,10,1
135,10,275,23,1
111,6,387,17,1
161,10,279,1,1
106,8,411,23,1
152,7,389,4,1
137,10,481,0,1
84,11,382,21,1
198,8,261,5,1
174,13,353,14,1
103,15,255,11,1
172,9,379,20,1
83,13,246,20,1
188,6,241,5,1
195,11,231,6,1
159,11,247,23,1
179,12,456,19,1
88,9,288,12,1
149,13,250,3,1
148,12,374,12,1
131,10,465,17,1
157,9,244,22,1
193,13,330,0,1
143,12,476,3,1
192,15,439,6,1
122,9,406,23,1
94,13,372,22,1
153,12,386,0,1
115,5,218,6,1
148,12,438,15,1
131,5,291,12,1
120,6,395,13,1
170,15,327,11,1
108,9,232,20,1
110,8,214,21,1
129,7,390,16,1
84,15,455,20,1
147,12,426,4,1
138,13,299,22,1
185,15,475,8,1
163,6,295,5,1
168,6,349,19,1
193,12,259,5,1
85,12,353,13,1
93,15,214,11,1
169,8,338,18,1
151,11,301,0,1
117,8,230,23,1
175,9,215,2,1
120,12,444,15,1
181,7,231,22,1
109,14,489,0,1
152,5,396,21,1
141,9,375,14,1
160,14,234,5,1
135,5,325,6,1
182,11,293,17,1
161,12,288,14,1
115,6,259,7,1
186,10,355,20,1
159,7,445,22,1
103,12,252,14,1
89,9,236,7,1
188,6,269,7,1
83,8,348,18,1
82,14,234,0,1
119,7,337,14,1
121,9,438,8,1
196,5,361,13,1
152,6,250,3,1
185,13,433,19,1
104,12,348,22,1
130,5,303,4,1
199,10,489,12,1
119,9,235,15,1
198,11,336,19,1
128,7,497,11,1
123,15,225,18,1
100,9,220,8,1
176,12,371,4,1
199,9,303,6,1
127,8,276,17,1
115,8,433,10,1
132,6,433,8,1
94,7,290,1,1
178,11,385,20,1
177,15,327,8,1
195,12,328,4,1
165,11,251,17,1
189,11,412,22,1
200,14,481,13,1
128,5,432,12,1
100,13,279,18,1
187,13,222,8,1
180,14,296,19,1
199,13,330,3,1
178,7,323,4,1
116,10,286,5,1
177,8,248,2,1
195,5,298,17,1
108,15,400,15,1
82,6,396,13,1
117,9,494,1,1
102,13,375,6,1
82,15,265,18,1
118,7,429,0,1
140,15,416,6,1
163,15,500,11,1
191,5,398,22,1
172,15,498,5,1
153,13,491,3,1
131,5,323,1,1
91,8,341,21,1
159,14,492,6,1
167,15,235,13,1
169,5,209,23,1
94,5,378,23,1
99,7,276,16,1
145,7,374,2,1
157,5,298,14,1
157,7,326,19,1
196,11,362,10,1
103,6,273,12,1
191,7,449,8,1
136,11,450,13,1
160,12,366,20,1
127,12,286,10,1
119,7,345,9,1
153,8,295,3,1
162,12,252,11,1
188,15,366,14,1
90,10,225,7,1
81,15,423,23,1
102,5,482,8,1
84,9,426,23,1
160,15,385,14,1
153,7,241,11,1
134,12,444,21,1
181,15,273,6,1
174,11,305,1,1
127,7,310,17,1
107,5,209,11,1
142,8,354,22,1
139,15,462,13,1
122,13,270,16,1
162,5,429,15,1
81,12,355,9,1
157,8,401,3,1
103,9,414,14,1
170,6,240,5,1
181,6,389,5,1
148,12,275,17,1
166,15,247,8,1
92,10,451,1,1
103,13,497,6,1
120,9,410,23,1
159,5,496,14,1
139,12,201,10,1
104,10,403,5,1
116,10,370,16,1
104,7,326,2,1
135,5,463,16,1
125,15,423,15,1
130,10,486,23,1
184,9,463,9,1
169,9,414,9,1
84,9,494,3,1
186,13,387,14,1
164,14,260,6,1
143,15,359,0,1
155,15,423,13,1
140,14,242,7,1
134,14,322,1,1
138,14,268,13,1
137,13,302,10,1
129,10,433,19,1
95,6,362,7,1
144,12,459,15,1
106,11,242,13,1
151,15,488,17,1
150,9,242,23,1
144,5,407,15,1
86,7,385,17,1
118,15,285,4,1
150,12,236,19,1
115,7,401,8,1
115,5,385,16,1
187,15,358,2,1
160,7,345,13,1
123,12,223,19,1
110,12,362,9,1
115,9,219,6,1
123,11,458,13,1
173,10,281,6,1
175,10,366,15,1
164,5,497,23,1
110,11,451,7,1
138,7,330,12,1
86,9,358,21,1
172,5,411,9,1
85,15,342,14,1
121,6,383,22,1
92,15,448,20,1
176,6,316,14,1
173,15,438,15,1
107,13,387,14,1
116,11,466,15,1
121,13,312,12,1
163,8,295,12,1
130,11,411,10,1
157,11,318,21,1
99,14,470,22,1
177,5,415,12,1
164,10,402,14,1
91,10,220,5,1
140,14,441,16,1
152,15,216,12,1
156,12,305,14,1
147,5,243,17,1
144,7,490,20,1
190,13,350,16,1
143,5,357,4,1
175,9,249,4,1
171,5,319,21,1
199,13,384,9,1
97,12,218,20,1
95,14,210,15,1
193,13,330,2,1
110,11,342,13,1
197,5,410,13,1
84,5,292,7,1
160,12,409,7,1
95,12,230,14,1
190,9,308,9,1
122,13,478,23,1
135,5,386,14,1
136,7,368,9,1
97,12,256,2,1
128,11,250,7,1
109,5,354,6,1
152,5,248,22,1
158,14,351,4,1
117,9,456,13,1
149,9,264,12,1
174,12,227,6,1
94,9,317,23,1
145,10,345,1,1
142,13,240,9,1
113,11,464,19,1
165,7,281,9,1
187,9,231,21,1
174,5,367,9,1
155,6,218,7,1
167,13,395,17,1
168,14,265,5,1
196,10,436,0,1
127,11,279,2,1
109,10,245,15,1
113,14,326,19,1
166,7,427,14,1
153,9,498,22,1
194,8,269,17,1
136,14,436,16,1
91,10,434,6,1
129,5,311,14,1
106,11,224,5,1
106,5,498,3,1
156,5,246,0,1
187,12,442,20,1
94,11,466,22,1
174,12,480,13,1
85,8,328,13,1
118,10,231,14,1
161,15,497,11,1
144,11,389,4,1
95,6,219,13,1
90,7,330,2,1
144,11,240,5,1
93,5,231,16,1
175,7,217,5,1
90,7,416,20,1
167,8,341,2,1
186,15,324,16,1
95,6,215,7,1
119,5,436,5,1
82,5,399,7,1
118,9,299,0,1
130,6,253,7,1
164,6,409,0,1
163,13,309,10,1
172,15,446,21,1
158,15,439,17,1
129,6,302,22,1
81,11,328,0,1
133,7,400,3,1
103,8,462,15,1
157,12,462,10,1
199,12,409,2,1
129,7,384,0,1
80,11,342,21,1
80,12,330,17,1
129,13,349,1,1
133,11,320,5,1
107,9,230,20,1
177,11,205,9,1
95,5,421,6,1
110,9,481,13,1
148,11,487,10,1
93,12,220,22,1
169,14,489,2,1
156,11,333,10,1
139,5,260,20,1
134,14,312,17,1
173,15,312,6,1
120,7,280,6,1
188,7,372,2,1
159,9,354,14,1
196,15,382,10,1
176,14,381,7,1
96,12,201,17,1
83,12,315,18,1
168,7,351,13,1
125,9,456,10,1
82,5,369,7,1
162,14,420,23,1
170,9,400,13,1
87,10,201,1,1
106,7,309,19,1
159,5,468,2,1
187,13,290,23,1
123,7,243,10,1
105,5,306,0,1
98,14,330,5,1
166,11,328,17,1
178,11,449,6,1
120,8,279,21,1
122,14,487,15,1
82,9,223,3,1
147,13,270,8,1
167,5,301,11,1
101,5,235,5,1
161,14,329,6,1
87,13,315,4,1
83,15,267,15,1
178,9,381,21,1
164,15,417,11,1
129,12,263,2,1
174,15,481,18,1
134,10,424,22,1
167,15,238,15,1
123,5,350,2,1
182,7,378,12,1
141,8,277,17,1
188,9,294,11,1
142,7,251,14,1
87,7,443,18,1
80,12,332,13,1
122,15,488,17,1
113,11,400,7,1
81,15,474,7,1
188,5,311,23,1
104,13,211,10,1
111,10,496,17,1
127,9,235,14,1
125,7,220,14,1
132,10,397,23,1
191,5,322,5,1
87,5,441,8,1
106,13,460,10,1
96,12,398,18,1
143,14,242,21,1
185,7,203,20,1
96,9,399,17,1
87,9,271,23,1
132,7,386,3,1
97,12,348,2,1
198,13,374,13,1
167,5,429,8,1
99,5,303,19,1
159,12,411,5,1
110,9,398,13,1
107,10,397,0,1
97,5,248,18,1
182,14,401,18,1
111,7,204,13,1
187,9,394,6,1
157,11,293,16,1
173,15,434,8,1
110,6,286,23,1
198,11,440,2,1
124,5,269,2,1
186,6,220,12,1
116,8,320,16,1
98,6,398,22,1
89,12,382,19,1
89,15,271,12,1
106,15,248,16,1
178,10,379,6,1
183,10,321,11,1
104,5,204,7,1
84,10,304,6,1
101,13,470,23,1
167,7,208,1,1
91,10,210,10,1
169,14,265,7,1
85,12,329,17,1
143,12,449,3,1
181,15,382,16,1
156,14,457,18,1
189,11,223,6,1
153,8,452,10,1
126,14,241,18,1
181,12,303,0,1
139,15,379,1,1
176,10,255,19,1
149,15,332,3,1
116,12,217,3,1
112,15,362,21,1
84,13,361,11,1
111,14,352,11,1
112,15,267,2,1
159,12,287,15,1
84,13,211,7,1
174,11,283,17,1
190,11,442,22,1
99,9,447,2,1
143,5,257,0,1
176,15,251,0,1
84,5,454,6,1
191,7,210,9,1
80,12,217,23,1
168,14,244,20,1
130,10,403,16,1
157,6,243,1,1
119,10,415,4,1
131,11,417,0,1
129,7,292,3,1
179,13,400,0,1
139,9,339,7,1
134,10,384,21,1
168,14,356,9,1
139,12,497,0,1
117,6,452,7,1
130,6,432,15,1
94,10,483,5,1
86,10,282,7,1
98,7,370,15,1
85,9,275,5,1
200,5,284,1,1
161,7,284,11,1
142,11,398,18,1
175,9,393,15,1
122,11,429,1,1
196,11,416,17,1
156,5,424,23,1
132,13,270,23,1
154,6,234,4,1
193,10,491,10,1
131,12,474,1,1
148,8,491,4,1
165,5,263,17,1
156,10,200,22,1
86,14,253,16,1
112,10,457,7,1
106,15,313,8,1
104,8,419,4,1
163,13,200,4,1
105,15,454,10,1
84,11,359,10,1
170,13,346,22,1
88,13,403,1,1
83,8,382,8,1
189,14,222,11,1
164,11,346,6,1
158,15,400,23,1
116,10,490,15,1
135,9,396,2,1
114,6,400,1,1
128,9,313,1,1
134,8,401,4,1
121,12,405,19,1
139,14,320,0,1
164,13,240,14,1
181,8,410,9,1
81,6,257,6,1
163,9,253,3,1
132,12,218,20,1
120,14,346,21,1
120,8,282,13,1
180,8,337,16,1
185,12,357,21,1
154,11,362,3,1
96,14,249,16,1
157,9,266,1,1
131,10,278,2,1
190,6,410,21,1
158,6,342,22,1
169,14,399,0,1
181,7,412,8,1
117,12,486,16,1
181,13,494,4,1
151,9,422,5,1
83,12,317,9,1
115,14,489,5,1
95,15,289,23,1
138,10,232,22,1
176,10,413,5,1
141,7,296,14,1
111,7,349,13,1
180,10,418,13,1
167,8,403,21,1
154,14,248,8,1
121,13,372,18,1
156,14,212,6,1
88,12,404,20,1
82,13,386,5,1
181,14,222,18,1
166,8,388,7,1
94,12,340,0,1
117,5,433,0,1
126,13,441,0,1
81,14,464,17,1
121,10,327,22,1
173,5,434,18,1
119,11,382,22,1
135,13,499,14,1
100,5,453,5,1
199,13,266,14,1
164,12,258,6,1
138,15,453,8,1
86,15,316,14,1
195,12,300,19,1
81,10,235,15,1
125,6,339,3,1
167,14,345,16,1
155,5,296,18,1
127,10,338,12,1
156,9,439,11,1
193,15,450,5,1
150,7,375,5,1
112,15,270,10,1
101,13,351,0,1
90,6,270,1,1
115,11,269,22,1
169,6,207,18,1
89,14,493,20,1
195,9,205,9,1
127,11,393,18,1
104,13,213,11,1
97,12,260,1,1
184,6,314,6,1
152,6,316,20,1
138,7,466,15,1
89,7,371,10,1
110,11,244,9,1
93,7,234,18,1
159,12,342,21,1
96,7,496,17,1
157,15,459,20,1
111,6,494,14,1
165,9,314,18,1
98,9,411,6,1
122,12,308,4,1
197,5,201,19,1
141,8,370,2,1
192,15,214,15,1
83,6,355,15,1
134,9,358,10,1
152,14,223,5,1
113,14,375,23,1
175,8,276,3,1
95,11,456,19,1
151,13,277,6,1
121,5,257,18,1
131,13,466,3,1
144,7,359,15,1
181,6,360,14,1
122,5,318,6,1
157,13,364,6,1
150,13,248,17,1
189,15,396,9,1
182,7,348,16,1
165,9,363,6,1
89,14,407,12,1
115,14,202,5,1
183,15,207,14,1
94,7,205,13,1
115,8,395,5,1
143,12,398,14,1
112,11,497,2,1
169,7,471,5,1
153,14,261,16,1
189,11,229,6,1
200,15,317,21,1
153,14,368,0,1
107,12,494,11,1
161,7,229,16,1
166,11,423,15,1
91,15,389,18,1
183,8,366,14,1
158,9,385,22,1
130,14,424,22,1
80,15,375,18,1
113,6,249,15,1
151,14,436,9,1
127,5,447,3,1
127,12,350,20,1
129,9,448,7,1
125,15,251,10,1
142,11,363,23,1
136,11,264,17,1
160,12,281,22,1
99,9,288,16,1
110,10,233,15,1
119,9,383,7,1
89,7,412,15,1
173,14,477,2,1
139,6,433,22,1
108,8,383,12,1
134,15,371,15,1
120,6,358,20,1
184,8,471,2,1
134,8,293,13,1
156,8,462,7,1
129,9,433,13,1
102,8,401,2,1
139,8,405,14,1
102,9,402,0,1
183,9,269,12,1
93,15,355,5,1
118,5,323,6,1
114,6,255,13,1
194,8,464,8,1
183,10,263,18,1
175,14,361,3,1
191,13,267,5,1
169,15,232,11,1
127,14,470,15,1
178,6,498,1,1
85,7,263,22,1
184,8,377,10,1
189,14,420,19,1
126,12,417,15,1
82,12,465,15,1
114,15,379,4,1
160,8,299,12,1
147,13,385,11,1
190,10,352,21,1
109,6,404,21,1
132,6,442,16,1
155,12,330,3,1
105,11,320,9,1
187,12,367,4,1
99,6,451,14,1
121,15,314,15,1
94,15,210,5,1
112,5,242,21,1
199,11,417,21,1
169,10,358,10,1
123,13,228,23,1
113,11,315,20,1
143,10,208,22,1
102,8,288,17,1
173,10,387,15,1
168,7,207,23,1
113,10,225,13,1
144,15,315,10,1
80,5,210,2,1
183,15,471,10,1
155,10,362,16,1
159,6,281,10,1
199,5,498,15,1
189,5,267,3,1
94,14,463,5,1
187,8,427,1,1
108,14,421,12,1
89,10,203,23,1
187,7,379,19,1
143,10,474,20,1
165,6,405,17,1
200,10,254,4,1
116,15,269,19,1
200,13,225,3,1
87,14,338,1,1
152,8,241,3,1
100,6,339,19,1
190,14,256,2,1
162,9,224,14,1
82,8,223,10,1
147,11,257,18,1
162,14,386,23,1
154,8,428,4,1
169,13,325,20,1
200,7,278,16,1
100,15,330,19,1
141,8,275,6,1
185,5,452,22,1
110,8,220,9,1
82,11,277,11,1
148,5,318,4,1
183,5,200,5,1
112,7,367,14,1
127,12,454,4,1
182,5,445,1,1
132,7,440,12,1
126,12,280,14,1
155,8,429,3,1
115,5,396,11,1
129,8,468,22,1
186,7,285,0,1
156,7,293,18,1
116,11,405,14,1
100,15,425,5,1
152,8,443,1,1
147,8,367,14,1
165,9,437,4,1
124,5,215,4,1
121,15,390,1,1
160,11,449,5,1
133,15,440,9,1
159,10,376,20,1
164,6,360,8,1
110,8,373,11,1
147,6,370,21,1
188,15,370,9,1
179,5,356,0,1
101,15,469,6,1
182,10,358,12,1
145,14,444,16,1
180,5,498,13,1
94,10,270,19,1
86,5,269,21,1
114,11,361,16,1
141,14,452,12,1
169,11,206,17,1
103,9,490,23,1
125,6,324,23,1
97,11,372,4,1
144,14,337,13,1
87,12,202,13,1
157,8,454,16,1
87,8,348,16,1
177,5,229,6,1
125,5,426,10,1
163,5,469,20,1
191,15,322,16,1
158,12,458,20,1
150,12,315,13,1
172,8,465,3,1
136,11,458,16,1
130,13,384,15,1
178,8,491,22,1
152,14,428,10,1
136,13,301,11,1
110,15,208,9,1
100,13,246,14,1
81,12,268,20,1
104,6,275,0,1
177,9,247,13,1
92,14,489,0,1
113,5,467,21,1
168,8,498,21,1
130,7,450,6,1
130,12,315,17,1
150,15,288,1,1
124,5,400,1,1
143,9,279,15,1
91,6,427,23,1
145,10,499,8,1
132,14,460,13,1
167,6,355,13,1
105,12,215,16,1
85,5,365,2,1
177,13,328,18,1
196,6,347,0,1
169,5,333,13,1
111,5,487,19,1
86,9,375,15,1
154,9,492,10,1
175,13,419,22,1
177,12,326,23,1
156,15,417,19,1
183,8,287,22,1
138,11,428,1,1
177,6,458,19,1
114,12,433,13,1
189,14,291,12,1
80,10,285,11,1
197,6,461,2,1
169,10,478,6,1
156,9,205,10,1
133,6,369,6,1
184,5,338,11,1
93,5,400,10,1
140,13,263,22,1
149,12,245,17,1
95,5,500,21,1
165,9,415,8,1
133,5,298,11,1
98,12,435,4,1
193,10,345,1,1
86,11,493,7,1
176,10,282,7,1
114,10,330,12,1
85,15,411,0,1
85,6,362,15,1
116,12,254,8,1
185,14,295,11,1
139,5,299,7,1
162,14,226,7,1
176,6,357,3,1
89,9,258,10,1
126,9,328,3,1
107,6,451,19,1
130,13,296,19,1
114,11,426,7,1
91,11,273,13,1
172,12,215,12,1
183,11,474,5,1
167,5,242,17,1
142,5,226,5,1
93,8,449,16,1
126,10,481,11,1
124,12,483,14,1
155,5,341,0,1
167,5,381,9,1
162,8,465,21,1
197,9,353,9,1
195,15,352,19,1
122,12,472,4,1
156,10,355,22,1
153,7,481,22,1
143,14,339,20,1
147,5,497,19,1
176,13,382,13,1
170,6,202,5,1
130,5,386,0,1
150,5,499,15,1
97,12,414,16,1
134,9,426,2,1
89,10,230,6,1
120,6,286,23,1
105,8,225,16,1
93,10,336,0,1
124,8,494,19,1
142,6,305,4,1
190,12,272,16,1
109,8,205,15,1
105,11,353,2,1
132,7,390,2,1
161,7,243,9,1
133,12,415,12,1
193,10,265,19,1
86,11,380,1,1
164,9,312,15,1
101,5,428,12,1
132,7,495,1,1
124,7,312,15,1
155,6,351,12,1
190,11,387,3,1
143,6,232,6,1
128,15,344,6,1
169,8,407,11,1
163,9,365,21,1
180,13,469,17,1
135,9,430,3,1
141,11,378,6,1
180,5,200,1,1
132,15,427,17,1
197,13,201,9,1
137,13,215,4,1
90,13,226,16,1
103,6,241,3,1
128,12,413,0,1
109,11,454,4,1
117,13,296,21,1
160,9,366,13,1
133,7,203,5,1
199,13,211,8,1
106,11,275,4,1
126,8,204,9,1
103,15,283,2,1
171,9,250,15,1
167,15,423,17,1
80,7,205,11,1
90,13,457,10,1
153,5,478,10,1
178,12,346,10,1
174,15,220,19,1
177,8,234,16,1
126,7,252,23,1
103,12,334,23,1
150,9,204,0,1
173,14,290,14,1
136,12,338,3,1
136,5,206,10,1
119,15,205,10,1
141,15,270,21,1
107,9,460,23,1
90,9,493,22,1
118,8,310,6,1
115,8,295,23,1
172,14,210,3,1
115,10,311,16,1
92,6,352,10,1
181,8,302,20,1
173,13,250,9,1
149,5,281,13,1
192,11,428,6,1
122,10,205,12,1
155,13,237,16,1
198,12,272,7,1
88,14,481,11,1
175,7,496,23,1
186,14,264,23,1
105,14,285,5,1
184,13,210,6,1
108,9,322,19,1
100,7,211,3,1
189,11,479,11,1
173,14,342,4,1
124,14,245,23,1
182,14,207,17,1
87,7,379,11,1
115,5,238,13,1
166,8,402,19,1
126,13,465,9,1
168,15,227,7,1
152,12,394,11,1
99,7,355,15,1
96,13,280,14,1
185,9,323,4,1
195,10,327,19,1
179,14,395,17,1
105,10,264,22,1
161,13,367,21,1
106,14,289,14,1
138,14,318,3,1
178,9,435,2,1
80,15,462,18,1
191,7,226,10,1
125,8,290,23,1
110,13,278,1,1
187,13,333,12,1
129,7,299,20,1
113,14,297,2,1
121,9,346,19,1
137,8,288,0,1
153,7,258,10,1
180,10,468,2,1
80,12,290,2,1
130,7,283,1,1
184,13,459,20,1
139,8,339,18,1
196,10,387,0,1
200,11,480,3,1
85,10,414,12,1
114,12,497,17,1
101,12,321,2,1
125,12,466,15,1
178,15,414,19,1
186,10,436,7,1
125,5,493,17,1
80,13,320,22,1
154,9,434,11,1
96,10,345,10,1
172,7,359,22,1
90,5,299,18,1
139,5,456,3,1
106,6,419,0,1
113,7,456,9,1
174,14,292,5,1
175,14,276,10,1
150,12,257,23,1
138,8,217,2,1
122,14,492,6,1
180,8,482,13,1
186,10,494,10,1
147,6,364,3,1
138,13,466,1,1
171,10,260,10,1
183,5,255,9,1
177,10,330,13,1
134,15,350,23,1
89,15,354,19,1
170,10,351,18,1
100,12,364,14,1
102,15,306,0,1
112,14,391,1,1
143,6,201,7,1
116,11,302,15,1
176,12,284,19,1
88,11,461,12,1
134,15,494,22,1
85,6,487,22,1
85,9,285,4,1
153,15,376,6,1
110,14,420,14,1
177,15,204,23,1
134,7,474,5,1
157,8,408,4,1
119,6,341,7,1
95,7,362,1,1
178,14,318,18,1
134,6,470,0,1
174,9,339,9,1
139,5,211,1,1
117,10,347,2,1
145,12,249,23,1
194,5,337,14,1
119,14,424,13,1
157,11,252,9,1
136,15,410,14,1
159,6,437,16,1
175,6,232,22,1
154,14,332,7,1
110,8,342,22,1
143,8,491,21,1
153,15,388,5,1
182,5,216,3,1
94,14,473,15,1
148,13,379,21,1
118,8,240,7,1
104,13,226,13,1
95,7,391,18,1
171,13,475,12,1
133,11,247,14,1
199,15,469,5,1
186,10,399,0,1
124,14,360,18,1
197,11,388,15,1
81,14,239,0,1
195,15,437,14,1
95,12,344,12,1
90,11,468,1,1
153,7,487,12,1
142,11,380,11,1
91,13,213,11,1
193,12,281,22,1
139,12,333,11,1
198,14,457,20,1
109,14,485,5,1
182,11,245,1,1
107,15,434,14,1
101,14,215,5,1
176,10,385,8,1
95,9,399,11,1
200,5,458,3,1
97,9,418,6,1
103,14,494,11,1
176,13,244,12,1
115,15,366,0,1
135,6,216,4,1
130,11,303,11,1
107,14,398,10,1
174,6,439,5,1
111,8,470,12,1
184,7,291,16,1
142,8,480,13,1
149,13,228,19,1
182,12,300,8,1
195,13,278,0,1
198,6,225,4,1
148,5,409,11,1
164,5,421,8,1
198,15,398,20,1
184,15,432,11,1
103,6,473,18,1
115,14,218,18,1
119,12,217,6,1
172,9,212,8,1
137,7,249,15,1
108,12,291,18,1
191,13,332,10,1
141,13,438,20,1
158,12,349,1,1
191,10,475,1,1
87,8,316,22,1
102,14,225,16,1
123,12,473,11,1
112,9,273,18,1
191,6,388,15,1
153,11,450,13,1
170,7,377,20,1
119,8,290,21,1
182,9,207,14,1
103,5,249,17,1
80,7,289,7,1
166,13,351,2,1
175,12,422,2,1
191,7,228,14,1
151,12,278,11,1
115,10,321,11,1
133,5,203,13,1
186,7,463,15,1
191,13,314,23,1
117,14,272,13,1
88,12,407,2,1
111,12,365,7,1
156,15,455,0,1
149,10,445,13,1
137,8,368,3,1
148,12,325,14,1
155,11,288,1,1
126,13,367,8,1
123,14,301,17,1
104,6,372,18,1
158,15,235,18,1
123,14,389,8,1
178,15,314,14,1
97,9,442,23,1
189,15,421,1,1
138,6,302,6,1
101,8,364,3,1
196,9,258,13,1
99,7,470,18,1
98,14,385,21,1
80,5,419,6,1
150,12,201,2,1
143,11,217,14,1
96,7,485,12,1
131,7,308,5,1
191,5,222,6,1
175,12,309,13,1
198,6,297,6,1
114,10,247,22,1
182,11,325,16,1
105,12,420,5,1
200,15,424,18,1
112,11,450,10,1
137,10,343,17,1
105,10,473,22,1
120,7,424,9,1
198,5,354,9,1
152,11,402,2,1
84,10,318,22,1
137,5,287,19,1
181,14,270,7,1
172,13,425,12,1
90,10,473,3,1
104,6,406,23,1
191,14,486,22,1
174,9,335,17,1
148,14,343,20,1
98,7,335,19,1
158,5,435,14,1
96,14,232,19,1
172,9,304,22,1
103,6,294,9,1
84,13,350,18,1
104,9,230,22,1
185,8,498,15,1
137,11,418,10,1
131,14,244,6,1
116,12,213,6,1
163,9,222,3,1
92,12,418,4,1
169,8,321,1,1
157,10,228,2,1
174,10,481,0,1
159,15,444,19,1
176,11,469,22,1
86,15,350,4,1
151,9,302,8,1
115,15,452,16,1
134,11,334,10,1
160,5,358,22,1
123,9,424,15,1
84,6,489,18,1
137,14,259,11,1
96,10,401,9,1
119,7,386,18,1
183,12,402,22,1
104,15,320,11,1
194,11,444,13,1
184,14,366,20,1
192,6,201,7,1
191,6,471,20,1
157,10,335,23,1
123,9,329,20,1
91,15,427,11,1
85,11,236,1,1
133,8,246,12,1
134,10,330,20,1
153,13,386,19,1
198,8,449,7,1
165,10,311,16,1
135,7,448,22,1
100,7,217,1,1
126,14,338,1,1
102,9,460,20,1
160,15,391,7,1
104,6,319,17,1
182,8,396,14,1
190,7,423,6,1
173,9,481,0,1
127,12,345,18,1
109,10,465,3,1
118,10,392,6,1
84,14,221,0,1
117,12,225,19,1
135,8,383,21,1
124,8,379,19,1
171,12,407,9,1
161,6,241,21,1
126,8,200,3,1
190,11,279,13,1
187,15,492,8,1
127,9,452,6,1
156,6,237,0,1
94,14,319,21,1
142,9,286,22,1
122,9,410,5,1
135,8,311,8,1
109,11,489,15,1
87,12,228,13,1
145,8,304,2,1
129,7,418,4,1
122,12,496,22,1
94,12,404,7,1
151,13,421,17,1
190,12,239,23,1
154,14,226,23,1
129,10,227,1,1
86,11,491,6,1
144,10,441,5,1
144,15,421,10,1
167,10,461,4,1
137,13,348,20,1
176,9,428,5,1
159,15,493,23,1
158,14,248,12,1
147,11,281,7,1
98,8,239,15,1
116,9,209,18,1
159,11,383,1,1
88,7,241,15,1
198,10,363,16,1
161,15,265,7,1
140,6,236,18,1
198,9,472,8,1
186,12,309,10,1
117,14,293,13,1
194,11,291,6,1
183,5,374,11,1
136,12,307,16,1
145,10,388,1,1
181,10,457,21,1
161,8,218,9,1
172,7,288,20,1
97,12,314,21,1
94,14,497,2,1
110,8,240,0,1
140,8,259,3,1
174,9,397,9,1
198,6,490,8,1
82,12,322,2,1
177,10,323,9,1
118,7,319,19,1
191,14,470,14,1
130,15,408,18,1
165,13,303,5,1
154,10,220,9,1
92,8,452,3,1
188,14,442,11,1
103,15,337,0,1
122,14,480,7,1
200,14,428,23,1
82,12,495,22,1
160,9,499,11,1
91,5,476,4,1
194,11,269,15,1
153,8,321,4,1
191,11,469,4,1
92,13,375,9,1
160,9,413,18,1
149,12,222,10,1
123,15,229,12,1
161,12,280,17,1
139,7,239,16,1
90,5,370,19,1
184,7,500,8,1
139,15,262,20,1
167,7,470,12,1
163,11,422,2,1
80,9,344,12,1
194,14,320,19,1
145,15,462,7,1
145,8,225,8,1
180,12,402,1,1
145,7,422,6,1
172,8,282,20,1
119,10,395,2,1
128,13,280,5,1
154,5,297,23,1
100,6,346,13,1
191,13,293,17,1
164,12,374,13,1
117,5,467,21,1
164,7,362,16,1
140,7,397,17,1
138,7,440,17,1
104,15,434,8,1
149,7,451,18,1
188,15,359,13,1
151,7,238,20,1
127,10,348,7,1
157,5,259,3,1
104,12,297,8,1
150,9,475,3,1
150,11,421,3,1
180,5,440,11,1
172,14,253,5,1
160,13,395,11,1
156,13,218,6,1
117,9,231,4,1
111,10,423,23,1
150,7,374,6,1
97,13,328,19,1
180,5,440,3,1
136,15,433,3,1
137,11,302,11,1
107,9,444,8,1
182,7,219,20,1
156,8,282,13,1
172,8,348,14,1
139,9,377,18,1
175,14,464,9,1
101,6,312,3,1
87,8,412,20,1
151,8,270,13,1
133,10,308,9,1
199,5,368,13,1
162,9,312,11,1
157,12,432,18,1
97,15,309,20,1
95,11,265,9,1
162,6,485,4,1
108,10,392,6,1
194,8,416,0,1
92,9,302,13,1
181,10,206,0,1
124,12,359,18,1
196,9,287,3,1
157,10,341,20,1
117,7,419,21,1
80,13,468,13,1
193,7,496,12,1
111,5,341,5,1
140,14,417,17,1
157,15,335,1,1
101,8,279,15,1
92,14,266,8,1
93,8,484,5,1
120,10,290,19,1
185,5,335,14,1
101,8,341,17,1
107,5,319,2,1
101,11,325,13,1
89,8,300,4,1
83,6,388,7,1
197,13,251,6,1
106,9,491,20,1
88,11,296,2,1
92,5,326,11,1
120,5,388,10,1
189,12,252,23,1
118,10,300,4,1
85,6,216,6,1
98,9,430,18,1
97,12,312,13,1
109,14,456,6,1
100,8,231,21,1
125,15,426,3,1
98,5,285,14,1
109,12,437,23,1
123,7,473,20,1
149,5,211,5,1
118,15,465,1,1
138,8,388,6,1
153,9,398,1,1
144,9,295,13,1
159,12,391,12,1
123,15,468,8,1
162,8,383,19,1
157,10,327,10,1
156,12,388,11,1
130,9,479,2,1
97,6,445,3,1
152,13,372,2,1
104,10,269,1,1
126,14,447,6,1
142,7,439,12,1
150,10,387,2,1
131,14,397,9,1
89,7,217,23,1
168,15,470,16,1
99,10,286,9,1
198,10,363,13,1
112,13,395,21,1
163,14,466,5,1
186,12,276,16,1
133,5,277,11,1
120,11,431,8,1
183,10,279,21,1
186,7,255,0,1
188,8,282,2,1
168,10,354,11,1
81,14,228,2,1
171,14,218,15,1
161,7,409,9,1
146,11,343,4,1
104,6,441,9,1
175,9,401,9,1
154,5,237,3,1
95,12,423,3,1
154,15,350,20,1
87,14,279,15,1
144,9,214,13,1
122,8,322,5,1
194,15,420,10,1
175,6,491,6,1
194,9,492,14,1
180,12,466,11,1
195,12,328,3,1
171,14,484,3,1
187,15,423,2,1
153,13,220,12,1
164,14,330,8,1
119,5,210,1,1
167,6,254,0,1
152,15,474,23,1
82,9,343,15,1
106,6,407,8,1
113,15,348,21,1
165,12,290,23,1
82,8,368,11,1
95,11,224,5,1
105,12,209,5,1
86,7,313,21,1
134,10,299,23,1
174,14,471,17,1
130,8,478,18,1
175,11,361,23,1
92,11,225,9,1
109,9,241,11,1
108,8,226,15,1
87,13,212,6,1
149,9,237,2,1
192,9,459,5,1
117,12,487,13,1
178,6,435,12,1
130,6,332,9,1
97,6,350,13,1
92,11,241,18,1
136,9,494,9,1
85,7,449,14,1
129,10,315,11,1
108,11,308,12,1
124,5,258,8,1
104,10,397,1,1
91,14,430,4,1
172,5,277,17,1
158,6,460,20,1
106,15,212,8,1
165,13,362,22,1
198,10,320,1,1
119,6,260,19,1
146,8,380,2,1
104,5,473,18,1
133,7,379,22,1
108,6,299,19,1
100,7,489,2,1
80,6,299,4,1
190,7,497,9,1
110,9,447,22,1
135,12,378,7,1
126,8,231,15,1
87,10,295,14,1
155,8,393,13,1
149,13,365,18,1
161,9,229,4,1
168,11,397,18,1
138,5,485,22,1
191,9,337,13,1
195,12,478,18,1
93,5,201,19,1
180,8,256,4,1
96,13,245,15,1
110,8,278,0,1
190,5,215,9,1
141,5,360,14,1
132,15,450,13,1
139,8,378,2,1
84,6,330,0,1
84,15,493,10,1
182,7,295,11,1
122,11,377,16,1
161,5,294,8,1
174,15,452,21,1
98,14,351,20,1
114,5,481,14,1
187,13,452,1,1
99,12,445,12,1
158,7,268,18,1
143,8,424,12,1
165,8,451,1,1
195,5,314,16,1
141,6,498,19,1
122,12,428,8,1
199,11,475,23,1
85,6,369,20,1
155,7,418,4,1
96,9,227,7,1
183,10,210,10,1
180,7,481,8,1
88,15,278,0,1
114,14,354,3,1
164,9,400,5,1
137,12,378,14,1
162,8,372,4,1
151,11,293,21,1
117,13,307,15,1
181,8,458,10,1
136,6,231,18,1
188,10,322,13,1
84,15,446,2,1
103,11,395,3,1
162,9,302,17,1
174,11,275,6,1
189,11,442,18,1
118,11,258,0,1
130,10,457,21,1
114,15,285,21,1
165,10,429,18,1
192,10,290,9,1
137,6,464,18,1
84,5,236,4,1
109,9,424,21,1
120,9,394,10,1
167,8,289,7,1
161,12,420,9,1
179,8,465,20,1
104,5,380,14,1
163,9,350,23,1
165,12,219,23,1
135,5,209,18,1
85,14,280,6,1
161,11,408,11,1
174,6,251,10,1
124,5,273,20,1
88,5,450,3,1
125,15,358,16,1
172,13,401,21,1
130,14,397,10,1
185,8,410,16,1
149,7,293,12,1
167,6,418,9,1
188,10,339,10,1
184,6,269,21,1
120,11,396,21,1
97,6,381,11,1
115,12,319,14,1
117,5,211,21,1
197,14,443,1,1
186,9,201,22,1
95,8,294,22,1
150,11,442,8,1
80,8,492,22,1
178,12,450,9,1
132,7,238,1,1
131,11,227,19,1
130,10,369,7,1
112,10,253,12,1
126,11,329,3,1
174,8,276,13,1
107,7,239,6,1
85,6,363,22,1
177,15,461,17,1
157,13,210,8,1
149,10,440,21,1
196,11,296,9,1
140,14,359,9,1
130,13,267,0,1
158,11,365,22,1
129,6,448,19,1
141,8,499,11,1
135,6,212,3,1
185,6,249,3,1
107,8,235,10,1
94,7,433,3,1
109,15,472,20,1
105,10,456,2,1
154,10,489,20,1
121,11,369,21,1
137,12,490,15,1
178,13,461,9,1
146,5,213,7,1
154,5,415,22,1
128,10,267,2,1
175,13,253,1,1
178,12,484,1,1
113,9,342,21,1
193,5,292,0,1
188,6,391,1,1
168,8,489,3,1
193,11,228,9,1
87,6,479,12,1
90,5,432,4,1
199,7,495,7,1
194,9,268,9,1
143,5,417,10,1
82,8,415,18,1
146,6,461,11,1
157,15,275,6,1
190,13,221,17,1
98,10,365,13,1
103,10,477,9,1
169,15,258,23,1
121,12,375,18,1
88,7,394,12,1
101,13,320,3,1
162,6,264,7,1
138,15,479,17,1
139,14,333,20,1
136,6,255,5,1
187,13,200,22,1
109,12,462,23,1
166,14,341,9,1
126,5,409,0,1
194,11,355,16,1
95,10,336,14,1
168,15,348,0,1
159,10,488,22,1
180,15,251,4,1
194,10,282,19,1
124,11,328,13,1
181,10,294,22,1
126,11,463,17,1
154,15,467,1,1
95,12,224,22,1
146,13,243,11,1
133,15,437,16,1
144,14,244,10,1
176,12,204,2,1
124,10,473,4,1
133,14,347,4,1
81,13,377,6,1
132,5,204,2,1
159,13,423,5,1
92,15,456,4,1
182,15,306,5,1
168,13,241,19,1
152,9,334,17,1
89,6,391,22,1
187,12,226,17,1
160,6,211,0,1
126,15,217,17,1
166,10,289,3,1
95,11,401,20,1
138,9,205,1,1
88,7,446,18,1
191,9,423,11,1
131,11,292,0,1
146,10,311,15,1
178,7,439,16,1
188,14,401,10,1
185,13,399,18,1
128,10,395,11,1
173,15,213,3,1
152,9,208,7,1
94,11,456,14,1
130,15,368,0,1
193,5,478,22,1
112,13,452,17,1
139,6,460,5,1
175,13,255,19,1
114,11,390,16,1
85,7,266,22,1
197,6,419,11,1
125,9,425,19,1
121,12,450,21,1
164,5,422,4,1
193,9,216,14,1
97,5,493,19,1
167,12,251,3,1
145,11,432,11,1
110,5,245,9,1
167,12,235,2,1
196,6,313,16,1
186,5,251,22,1
114,12,372,23,1
109,5,346,21,1
169,13,232,20,1
108,12,428,20,1
180,9,483,15,1
183,7,485,23,1
122,14,365,17,1
152,5,357,18,1
175,12,402,3,1
115,15,287,15,1
128,15,340,16,1
104,5,271,12,1
156,15,461,16,1
192,9,493,13,1
112,13,457,23,1
181,11,404,7,1
166,6,465,3,1
149,5,426,15,1
83,9,309,1,1
104,5,394,19,1
158,5,402,7,1
93,11,205,21,1
115,7,324,12,1
195,9,325,1,1
83,6,349,19,1
166,14,493,14,1
91,13,363,10,1
199,11,418,8,1
163,8,374,23,1
186,7,487,12,1
137,6,425,4,1
90,14,358,12,1
194,9,213,19,1
138,15,271,17,1
107,11,377,17,1
198,5,466,14,1
175,15,232,3,1
110,7,304,12,1
162,5,273,4,1
155,8,302,4,1
86,9,222,18,1
168,10,318,6,1
200,12,265,12,1
169,10,354,17,1
137,12,390,11,1
99,11,346,12,1
80,12,346,19,1
86,15,421,20,1
100,9,398,6,1
176,8,320,21,1
137,15,441,11,1
148,13,226,7,1
90,15,433,19,1
171,5,215,0,1
122,12,310,4,1
115,9,280,16,1
129,9,383,11,1
126,5,496,22,1
115,7,266,2,1
193,9,488,2,1
169,12,223,22,1
90,15,269,7,1
167,5,349,11,1
141,14,415,11,1
110,6,256,18,1
186,6,489,5,1
136,5,384,8,1
181,10,489,22,1
148,13,374,23,1
113,5,433,11,1
180,11,237,16,1
106,15,418,22,1
186,13,487,18,1
121,10,475,9,1
126,12,348,14,1
120,9,408,9,1
190,7,402,1,1
98,8,334,8,1
82,10,382,14,1
152,7,366,3,1
143,5,355,21,1
154,13,340,0,1
170,9,399,5,1
170,5,474,23,1
178,5,416,7,1
200,13,268,1,1
153,9,291,5,1
122,14,463,19,1
87,15,328,17,1
145,9,396,5,1
138,6,367,15,1
122,6,442,0,1
110,5,344,7,1
195,12,296,19,1
141,13,304,12,1
195,15,376,7,1
97,6,491,9,1
121,14,231,5,1
96,5,462,9,1
133,9,230,0,1
112,13,278,22,1
128,8,475,0,1
168,5,443,22,1
190,11,303,7,1
141,14,466,9,1
152,13,366,4,1
137,5,327,19,1
170,11,369,23,1
197,13,500,15,1
146,6,380,22,1
128,9,283,1,1
99,9,409,14,1
107,8,341,16,1
95,6,477,21,1
118,13,347,7,1
126,13,369,20,1
94,8,277,14,1
112,7,323,1,1
199,9,343,19,1
108,9,255,18,1
108,15,454,15,1
146,5,393,22,1
190,14,382,18,1
142,9,273,23,1
175,5,426,14,1
170,6,326,1,1
139,5,412,13,1
199,15,313,16,1
128,8,382,10,1
149,9,401,8,1
178,14,476,12,1
179,14,499,9,1
200,5,262,3,1
122,9,264,23,1
166,10,256,7,1
172,9,249,19,1
133,15,263,21,1
93,12,414,7,1
120,6,321,5,1
93,13,498,4,1
192,12,375,13,1
100,9,216,3,1
152,6,473,5,1
168,6,406,1,1
185,9,490,20,1
88,7,422,3,1
86,12,272,8,1
163,5,290,18,1
184,10,292,3,1
170,12,388,17,1
146,7,378,20,1
88,11,489,4,1
167,5,244,8,1
131,6,336,1,1
167,8,458,9,1
180,15,260,20,1
171,9,403,5,1
101,7,251,1,1
135,10,263,20,1
165,12,236,5,1
186,10,492,8,1
185,8,416,10,1
168,12,265,20,1
169,6,262,10,1
110,6,328,20,1
197,13,300,16,1
152,7,347,22,1
85,11,384,11,1
135,15,336,1,1
103,9,394,23,1
191,9,335,2,1
128,5,407,4,1
118,14,206,14,1
197,9,355,23,1
165,9,404,10,1
125,8,238,8,1
143,12,460,10,1
149,14,296,19,1
115,9,465,22,1
127,11,250,4,1
130,10,489,5,1
117,13,262,21,1
176,12,472,9,1
104,12,266,11,1
106,13,453,2,1
149,7,230,0,1
186,7,463,11,1
193,10,294,21,1
167,5,263,12,1
138,12,492,18,1
90,7,212,4,1
176,13,332,20,1
178,13,451,0,1
83,10,368,10,1
154,12,337,14,1
100,13,352,15,1
127,13,354,10,1
113,10,389,21,1
135,5,474,9,1
147,6,259,5,1
187,12,202,1,1
137,11,278,18,1
171,14,229,19,1
87,11,341,12,1
175,11,209,1,1
153,14,384,16,1
162,8,301,22,1
122,10,446,23,1
88,12,241,23,1
157,7,252,11,1
176,12,421,21,1
169,13,432,14,1
157,8,467,16,1
179,7,343,18,1
190,14,461,6,1
119,8,364,4,1
81,8,301,20,1
157,13,324,21,1
178,15,257,9,1
188,9,341,16,1
90,9,330,20,1
112,15,334,1,1
128,12,500,9,1
193,8,345,1,1
112,10,269,19,1
177,14,206,12,1
95,15,406,10,1
138,5,439,7,1
198,5,484,8,1
200,6,276,16,1
126,14,268,16,1
197,14,479,8,1
88,12,415,6,1
194,12,402,21,1
136,15,444,14,1
104,15,355,19,1
80,7,274,13,1
80,10,473,6,1
111,6,414,6,1
104,15,211,8,1
86,10,301,10,1
130,11,333,12,1
160,9,366,7,1
162,8,253,21,1
192,7,252,23,1
144,14,388,20,1
125,6,386,11,1
109,5,497,4,1
98,13,311,2,1
164,9,283,14,1
112,8,453,22,1
133,10,445,9,1
179,15,359,13,1
179,9,419,10,1
140,5,301,20,1
192,13,389,6,1
172,8,461,10,1
154,12,227,19,1
127,11,455,10,1
80,12,451,21,1
168,6,364,14,1
137,9,352,22,1
181,7,209,8,1
151,11,425,19,1
156,8,336,0,1
123,15,220,17,1
131,9,440,7,1
158,7,283,11,1
85,9,429,23,1
95,9,314,9,1
113,5,408,9,1
192,6,230,20,1
101,6,415,10,1
102,7,232,20,1
114,7,351,1,1
132,11,482,22,1
152,14,236,9,1
198,5,200,3,1
135,9,247,9,1
158,9,490,0,1
181,9,203,13,1
107,15,236,20,1
103,7,445,16,1
125,7,479,3,1
130,10,280,3,1
118,6,263,10,1
167,6,331,13,1
165,11,313,8,1
143,7,486,19,1
81,14,346,1,1
92,11,431,3,1
196,13,310,0,1
130,13,495,12,1
188,10,468,8,1
178,9,375,5,1
115,13,267,14,1
133,15,246,23,1
192,6,386,9,1
183,12,423,13,1
115,14,214,17,1
93,11,336,5,1
164,5,383,1,1
177,5,258,19,1
190,8,270,20,1
186,14,395,1,1
158,8,225,21,1
154,6,225,2,1
108,15,335,22,1
169,6,494,14,1
173,9,293,17,1
144,12,434,0,1
147,12,287,1,1
86,8,379,1,1
142,9,252,7,1
159,10,241,6,1
125,7,236,14,1
105,6,319,12,1
182,15,233,1,1
165,8,481,5,1
116,10,356,14,1
186,13,314,20,1
156,15,403,13,1
107,10,461,11,1
139,14,334,3,1
144,7,470,16,1
98,13,272,0,1
84,9,202,2,1
84,14,341,4,1
173,12,227,7,1
136,12,256,23,1
150,7,276,17,1
87,15,332,4,1
162,12,220,0,1
110,8,498,15,1
86,12,232,20,1
184,7,372,8,1
168,9,413,6,1
107,15,452,12,1
171,11,313,20,1
88,5,458,4,1
133,7,316,12,1
87,13,223,8,1
171,13,293,17,1
165,10,299,4,1
136,7,230,8,1
112,10,276,21,1
139,9,440,18,1
115,9,331,23,1
160,6,467,5,1
94,15,408,23,1
164,11,355,4,1
145,5,484,11,1
94,11,321,1,1
198,14,314,15,1
141,11,304,6,1
147,13,279,20,1
146,10,427,7,1
156,12,350,4,1
181,6,482,17,1
101,11,345,3,1
138,15,275,7,1
94,7,438,21,1
141,13,249,5,1
168,11,328,23,1
113,13,424,6,1
90,14,305,13,1
106,8,332,1,1
139,14,489,2,1
136,5,296,16,1
190,9,496,15,1
154,14,496,11,1
178,14,410,18,1
148,11,242,8,1
177,11,478,11,1
124,9,270,12,1
123,5,433,1,1
116,12,225,20,1
172,11,320,14,1
195,15,373,5,1
89,8,456,10,1
88,14,216,9,1
96,12,366,20,1
93,9,410,20,1
170,7,430,22,1
190,13,394,6,1
101,7,266,12,1
101,10,498,3,1
195,7,260,3,1
94,8,358,21,1
178,10,400,16,1
112,8,202,1,1
97,15,407,3,1
135,5,466,11,1
96,15,379,15,1
103,5,487,21,1
144,10,478,12,1
180,11,461,5,1
99,5,448,15,1
173,12,454,20,1
178,6,417,14,1
183,9,394,22,1
141,13,266,10,1
89,11,351,2,1
124,7,208,20,1
136,13,399,23,1
103,9,456,17,1
181,12,431,22,1
136,6,451,17,1
95,9,367,9,1
197,13,464,8,1
145,5,463,13,1
136,11,429,8,1
85,14,373,12,1
168,12,407,13,1
155,10,323,11,1
83,12,437,1,1
198,9,436,10,1
166,13,446,5,1
83,7,257,13,1
111,10,212,0,1
126,6,453,13,1
189,11,344,22,1
179,13,404,15,1
150,10,221,3,1
139,7,463,19,1
97,7,468,17,1
137,13,467,0,1
103,10,299,23,1
200,8,430,0,1
157,10,310,13,1
176,7,451,12,1
91,8,339,7,1
161,14,236,18,1
131,5,345,7,1
103,9,222,11,1
169,7,390,14,1
163,12,370,14,1
91,5,489,23,1
193,8,484,10,1
196,14,353,11,1
181,12,262,11,1
192,7,363,15,1
93,13,376,0,1
128,7,317,1,1
144,7,329,19,1
94,6,438,18,1
200,13,287,2,1
147,15,455,21,1
99,7,255,3,1
191,14,237,6,1
131,13,263,18,1
176,10,291,10,1
136,7,257,9,1
88,13,408,10,1
182,6,415,16,1
107,12,440,12,1
96,11,337,1,1
93,9,437,17,1
124,12,452,22,1
134,5,300,11,1
121,11,496,16,1
179,12,478,15,1
122,6,462,0,1
199,9,418,3,1
104,15,429,11,1
83,10,362,5,1
101,7,431,5,1
192,10,376,14,1
175,13,346,6,1
115,15,201,7,1
126,14,456,0,1
110,9,356,6,1
85,15,483,16,1
93,12,345,12,1
105,13,411,14,1
195,8,219,11,1
194,13,441,22,1
92,9,333,5,1
110,13,289,18,1
166,5,374,22,1
141,11,330,13,1
90,6,241,11,1
137,15,246,21,1
122,7,255,22,1
180,9,483,19,1
107,14,288,20,1
190,5,300,8,1
122,11,460,12,1
160,11,346,13,1
104,13,316,21,1
170,8,430,10,1
83,15,310,10,1
146,14,213,10,1
103,12,340,20,1
113,11,306,9,1
191,5,339,12,1
94,6,464,15,1
87,15,438,19,1
165,14,488,8,1
173,10,292,19,1
151,5,385,14,1
158,11,478,11,1
200,5,477,20,1
140,15,271,3,1
129,7,383,18,1
174,13,411,9,1
90,5,280,6,1
196,8,312,14,1
135,12,494,11,1
165,13,498,22,1
114,11,404,4,1
123,14,363,22,1
99,13,459,21,1
151,11,344,18,1
94,14,275,17,1
111,10,226,4,1
191,10,409,14,1
161,7,206,19,1
89,11,238,22,1
139,9,310,1,1
132,7,471,1,1
136,13,207,21,1
181,6,440,15,1
104,15,402,20,1
172,12,314,3,1
184,11,340,22,1
112,11,322,10,1
116,10,308,17,1
104,5,409,23,1
81,10,411,20,1
181,6,219,13,1
144,13,306,4,1
151,15,289,14,1
133,12,389,13,1
179,13,308,22,1
154,10,237,11,1
144,11,429,17,1
97,14,363,23,1
199,6,300,12,1
180,9,491,2,1
144,7,468,16,1
89,8,313,22,1
189,8,400,5,1
140,14,222,7,1
153,12,392,3,1
100,14,369,0,1
132,6,351,13,1
199,15,341,5,1
106,13,352,16,1
171,15,301,2,1
176,10,476,8,1
137,9,403,15,1
178,13,355,8,1
200,6,433,21,1
115,7,241,2,1
111,7,362,18,1
167,8,395,10,1
196,11,261,4,1
139,8,453,5,1
105,13,240,13,1
138,5,285,11,1
168,5,363,22,1
84,11,467,9,1
125,7,238,13,1
196,14,426,8,1
156,8,254,16,1
124,5,304,13,1
184,9,347,0,1
152,5,272,20,1
142,14,462,23,1
81,9,484,21,1
150,5,372,13,1
91,14,245,19,1
104,14,214,7,1
180,13,269,19,1
82,15,468,13,1
122,14,240,0,1
110,5,348,16,1
150,8,475,20,1
191,12,238,6,1
153,6,222,0,1
100,11,364,16,1
102,13,498,15,1
92,10,257,4,1
131,15,254,1,1
85,5,207,14,1
179,15,361,20,1
190,13,437,9,1
169,6,217,5,1
146,14,294,5,1
85,10,273,16,1
128,13,234,1,1
129,10,232,1,1
132,15,288,1,1
182,15,205,15,1
166,8,446,14,1
172,7,200,0,1
198,9,322,4,1
111,8,283,20,1
170,5,353,21,1
157,9,247,14,1
122,15,238,14,1
127,13,327,7,1
155,13,274,0,1
183,15,479,13,1
180,6,449,12,1
96,11,346,6,1
89,14,345,11,1
178,12,331,6,1
104,13,281,11,1
134,9,404,19,1
82,9,365,16,1
171,6,381,1,1
174,9,335,20,1
183,7,237,9,1
82,6,248,13,1
155,11,440,18,1
143,15,202,2,1
97,7,328,10,1
140,6,477,2,1
112,13,202,11,1
113,9,433,19,1
144,13,264,13,1
120,11,332,12,1
107,12,443,20,1
182,6,220,7,1
107,14,353,10,1
177,11,362,3,1
111,9,332,23,1
200,10,239,8,1
91,11,337,12,1
133,12,437,5,1
87,5,463,1,1
118,15,403,1,1
184,8,493,20,1
143,9,390,14,1
116,6,230,5,1
107,9,349,12,1
147,11,314,18,1
169,9,312,10,1
156,11,313,20,1
129,9,246,15,1
118,14,380,9,1
151,8,384,2,1
157,12,321,9,1
117,10,406,23,1
159,5,310,1,1
117,5,404,20,1
103,15,488,18,1
113,9,442,9,1
105,5,383,1,1
135,6,267,5,1
184,13,228,12,1
184,6,313,20,1
134,10,436,18,1
95,8,289,18,1
87,13,313,6,1
169,8,386,16,1
115,14,493,2,1
158,7,299,12,1
158,14,284,9,1
168,11,434,22,1
166,11,286,13,1
96,11,391,1,1
98,15,219,18,1
188,15,488,0,1
175,6,461,0,1
109,12,238,17,1
189,9,302,9,1
99,9,461,13,1
171,7,223,23,1
96,12,497,16,1
181,15,380,18,1
163,9,295,21,1
189,7,439,13,1
81,15,478,12,1
176,8,295,11,1
107,7,405,22,1
159,6,238,17,1
128,8,271,4,1
153,10,500,2,1
137,13,477,1,1
190,7,471,12,1
113,15,436,2,1
100,14,234,13,1
134,8,305,15,1
184,11,465,4,1
166,12,493,15,1
175,10,216,6,1
145,6,228,7,1
112,12,450,8,1
197,13,425,1,1
150,5,355,15,1
163,8,386,13,1
107,15,370,4,1
199,7,361,15,1
109,12,446,7,1
158,8,229,2,1
175,7,375,22,1
87,15,261,9,1
185,6,471,3,1
173,7,200,14,1
138,15,291,5,1
172,15,363,19,1
100,14,411,1,1
198,11,278,7,1
103,9,240,5,1
189,7,271,12,1
88,5,202,23,1
97,14,310,4,1
156,12,448,17,1
178,7,403,18,1
88,11,383,1,1
169,9,484,5,1
200,9,321,14,1
90,11,464,20,1
131,6,276,18,1
139,6,373,4,1
112,15,258,15,1
123,13,211,19,1
140,5,239,5,1
174,9,422,5,1
120,12,231,0,1
154,14,286,12,1
186,6,346,4,1
189,10,381,14,1
81,5,224,19,1
191,12,423,16,1
175,10,317,9,1
86,15,349,23,1
188,10,362,16,1
107,12,432,8,1
152,7,317,18,1
134,7,453,22,1
91,10,377,1,1
116,5,441,5,1
140,5,452,23,1
187,15,393,17,1
195,7,328,15,1
126,6,391,5,1
139,11,216,20,1
146,12,341,21,1
146,10,491,9,1
172,6,217,1,1
101,13,496,14,1
107,9,457,9,1
198,8,338,22,1
161,6,250,1,1
165,8,208,22,1
106,15,462,14,1
135,7,405,14,1
157,15,261,21,1
163,8,459,20,1
155,9,311,7,1
94,15,334,12,1
165,7,494,1,1
112,11,330,14,1
130,6,456,8,1
85,10,311,16,1
95,6,476,12,1
167,8,324,11,1
124,6,386,20,1
196,9,333,9,1
172,11,312,19,1
98,13,393,11,1
199,9,395,8,1
90,15,347,11,1
83,14,293,11,1
88,11,460,7,1
151,11,236,22,1
143,14,479,11,1
89,13,206,16,1
111,13,322,12,1
83,15,260,10,1
113,9,271,5,1
116,11,460,14,1
159,10,269,13,1
88,13,257,15,1
169,15,290,0,1
101,5,273,12,1
120,14,385,2,1
115,15,371,18,1
119,12,474,22,1
118,7,360,16,1
164,12,258,1,1
146,10,470,6,1
174,13,386,6,1
122,5,390,21,1
98,8,388,21,1
182,10,448,17,1
127,11,205,7,1
121,10,375,17,1
174,12,343,18,1
177,14,227,0,1
177,14,385,5,1
163,10,266,7,1
93,9,371,17,1
196,6,209,16,1
183,7,320,14,1
150,9,261,6,1
133,11,450,9,1
94,8,446,20,1
176,15,231,6,1
181,6,326,4,1
184,11,382,1,1
186,8,216,9,1
124,6,417,5,1
187,8,345,10,1
125,5,410,2,1
152,15,337,21,1
186,12,357,18,1
148,15,205,19,1
105,8,209,5,1
110,10,388,21,1
86,8,399,18,1
151,6,338,8,1
176,12,498,16,1
136,6,464,1,1
167,12,415,16,1
101,10,340,15,1
195,10,377,15,1
154,9,249,17,1
194,11,442,10,1
169,9,267,18,1
180,7,245,21,1
155,14,381,23,1
84,5,244,21,1
169,12,233,0,1
101,5,213,9,1
166,7,342,17,1
129,9,352,14,1
85,5,488,22,1
110,12,288,14,1
111,6,393,11,1
175,7,441,11,1
156,10,442,11,1
87,15,343,8,1
113,15,435,22,1
92,7,320,4,1
147,10,427,17,1
104,7,448,23,1
181,10,217,3,1
163,7,339,0,1
131,14,229,12,1
188,11,324,20,1
185,6,246,3,1
100,10,490,14,1
107,12,244,13,1
92,6,436,22,1
159,10,407,23,1
108,12,269,16,1
125,7,294,18,1
182,8,304,22,1
147,14,476,11,1
152,15,390,22,1
80,5,297,15,1
187,7,285,4,1
179,15,316,5,1
152,13,255,10,1
104,7,280,18,1
118,6,428,21,1
121,10,209,7,1
114,8,333,14,1
153,15,354,0,1
104,5,495,8,1
111,14,463,12,1
198,15,346,15,1
104,7,291,0,1
92,15,297,17,1
184,9,308,15,1
184,10,343,10,1
143,7,496,20,1
84,12,488,13,1
102,5,369,13,1
126,15,282,13,1
97,14,360,21,1
137,12,449,14,1
149,15,327,11,1
154,9,264,10,1
137,9,333,16,1
113,15,377,0,1
97,15,341,23,1
148,8,440,23,1
100,12,256,4,1
158,10,388,21,1
174,6,386,11,1
119,8,428,6,1
169,11,288,4,1
95,15,335,20,1
165,12,423,14,1
143,5,362,8,1
189,5,472,18,1
120,15,487,2,1
95,8,469,23,1
129,13,337,10,1
92,7,416,6,1
123,5,422,20,1
146,12,287,21,1
91,15,259,14,1
128,7,384,10,1
173,15,214,6,1
151,8,217,21,1
125,8,279,2,1
88,10,330,14,1
146,15,481,23,1
143,15,457,13,1
140,6,285,21,1
88,7,362,23,1
145,11,298,10,1
115,6,323,21,1
100,8,307,17,1
96,14,224,19,1
152,6,347,2,1
168,5,308,10,1
116,12,312,18,1
119,14,491,0,1
197,13,217,12,1
88,8,346,2,1
182,12,293,16,1
185,6,265,15,1
132,7,389,6,1
128,13,402,7,1
160,5,404,9,1
92,10,348,19,1
134,10,370,16,1
166,9,310,9,1
186,10,429,2,1
138,11,367,10,1
167,12,269,20,1
174,14,383,22,1
143,8,356,13,1
155,11,236,21,1
126,15,374,16,1
146,13,352,10,1
168,6,311,4,1
89,14,230,10,1
141,7,447,8,1
175,6,344,3,1
99,7,203,5,1
182,5,313,5,1
111,9,201,15,1
129,10,243,18,1
94,11,337,23,1
91,12,242,8,1
81,14,326,0,1
180,15,334,13,1
176,5,472,12,1
192,7,293,15,1
116,12,468,3,1
87,10,392,4,1
190,10,307,9,1
164,10,403,8,1
89,14,470,8,1
160,9,311,18,1
140,6,244,1,1
112,12,260,6,1
97,11,403,22,1
116,13,419,11,1
194,15,337,9,1
119,9,424,4,1
109,11,406,6,1
195,13,478,7,1
114,12,417,13,1
140,14,282,2,1
117,12,238,16,1
180,11,356,5,1
161,12,474,14,1
159,5,469,23,1
104,6,254,0,1
155,6,493,14,1
145,6,452,15,1
130,6,215,4,1
129,5,239,1,1
173,9,388,20,1
165,5,344,8,1
194,6,282,10,1
105,10,402,7,1
89,15,236,10,1
184,8,434,7,1
171,7,321,3,1
192,15,490,12,1
128,12,370,8,1
146,9,368,2,1
130,6,464,22,1
97,12,374,23,1
134,14,288,10,1
146,14,266,7,1
141,13,235,1,1
178,8,230,18,1
199,7,325,0,1
181,15,431,23,1
98,7,319,12,1
141,11,422,20,1
110,7,407,6,1
148,6,256,9,1
191,13,324,2,1
195,12,258,12,1
162,6,215,22,1
163,10,292,4,1
195,10,284,22,1
200,15,329,8,1
190,9,483,15,1
138,8,379,17,1
126,15,462,13,1
105,6,425,21,1
152,7,223,9,1
190,9,328,12,1
107,10,442,16,1
172,12,356,5,1
171,9,237,20,1
120,14,343,5,1
172,15,334,4,1
135,15,452,12,1
173,7,263,19,1
172,14,266,11,1
195,14,493,15,1
118,15,250,7,1
101,10,448,21,1
150,10,224,16,1
200,13,420,11,1
179,13,449,15,1
193,8,300,16,1
145,10,341,7,1
132,9,467,0,1
97,13,317,0,1
166,13,264,0,1
94,6,200,10,1
138,10,278,17,1
94,6,346,22,1
198,11,271,6,1
169,15,237,4,1
139,11,336,4,1
145,11,417,3,1
104,9,261,1,1
163,12,276,15,1
146,15,333,8,1
116,14,253,16,1
186,13,476,2,1
187,9,264,7,1
185,6,307,20,1
98,14,322,11,1
193,7,309,11,1
134,13,287,8,1
86,5,414,19,1
133,11,379,19,1
104,12,434,8,1
178,12,431,18,1
119,8,484,9,1
83,14,275,22,1
111,15,499,2,1
167,13,253,16,1
137,5,382,2,1
176,10,481,17,1
140,15,413,8,1
158,11,269,6,1
116,7,400,20,1
142,14,291,7,1
135,11,479,14,1
101,12,312,8,1
128,6,385,9,1
120,10,409,19,1
96,9,318,1,1
199,13,333,16,1
131,14,375,4,1
158,7,385,8,1
99,7,432,16,1
199,5,298,6,1
175,15,387,16,1
160,7,479,23,1
170,11,447,9,1
112,15,497,5,1
175,10,441,20,1
142,15,244,8,1
161,5,315,20,1
132,11,437,16,1
193,14,446,11,1
138,13,224,1,1
159,13,248,9,1
186,8,474,5,1
86,6,369,18,1
90,7,349,6,1
83,13,284,16,1
102,8,368,18,1
151,10,454,7,1
171,8,333,16,1
161,6,443,6,1
159,8,434,21,1
129,8,379,1,1
157,14,453,1,1
147,9,201,5,1
139,15,442,16,1
86,8,465,13,1
126,6,358,2,1
155,6,317,8,1
117,10,284,14,1
105,14,227,10,1
111,11,435,1,1
157,9,409,22,1
83,11,370,3,1
163,15,346,23,1
81,6,448,10,1
137,7,236,21,1
195,15,271,9,1
91,11,275,9,1
94,11,241,16,1
149,12,210,4,1
131,13,461,20,1
166,13,295,12,1
180,11,421,23,1
145,13,309,17,1
85,12,369,5,1
172,9,310,10,1
108,7,371,23,1
195,12,260,10,1
96,5,337,9,1
85,6,375,3,1
178,14,485,11,1
157,10,296,0,1
87,7,436,11,1
166,14,218,10,1
81,5,468,2,1
159,13,202,12,1
133,12,289,4,1
145,13,276,19,1
114,14,306,13,1
130,5,466,5,1
98,14,382,16,1
99,8,214,22,1
167,11,458,1,1
169,11,252,20,1
171,9,203,18,1
131,12,385,15,1
157,8,498,7,1
177,14,394,21,1
145,15,421,13,1
178,12,372,0,1
120,13,357,4,1
174,10,416,3,1
168,6,359,12,1
150,9,337,4,1
178,11,330,6,1
106,14,419,13,1
139,12,298,17,1
144,6,455,18,1
185,7,477,11,1
102,11,318,6,1
188,14,385,16,1
81,6,229,20,1
95,11,406,20,1
139,13,447,4,1
141,13,472,18,1
107,11,487,8,1
183,9,270,4,1
143,11,378,1,1
96,11,201,20,1
102,9,355,19,1
165,13,410,1,1
149,14,249,20,1
152,15,338,16,1
139,9,243,13,1
152,12,442,9,1
134,13,306,8,1
168,15,261,19,1
90,9,409,16,1
162,9,316,10,1
176,15,356,10,1
156,11,411,5,1
170,5,226,21,1
153,8,289,14,1
132,9,419,15,1
150,9,205,13,1
143,6,379,6,1
127,8,242,11,1
110,15,433,10,1
98,11,313,19,1
155,14,230,12,1
164,9,220,12,1
125,15,458,11,1
130,10,424,21,1
130,7,383,7,1
110,14,266,0,1
162,7,249,14,1
118,11,265,2,1
142,9,442,17,1
117,6,255,8,1
116,10,245,6,1
189,12,378,15,1
82,12,380,3,1
122,7,492,10,1
167,14,373,4,1
173,11,429,19,1
154,9,450,16,1
147,13,472,19,1
100,15,202,11,1
158,13,477,12,1
84,7,267,6,1
165,8,299,23,1
89,6,253,4,1
135,14,444,2,1
101,8,332,2,1
82,14,299,15,1
200,10,218,4,1
199,8,260,7,1
82,8,372,16,1
145,10,297,16,1
164,14,240,6,1
171,6,263,22,1
180,14,218,16,1
134,14,214,3,1
197,13,464,3,1
93,14,468,22,1
163,9,207,10,1
107,15,375,5,1
124,9,448,8,1
80,11,215,16,1
87,9,423,0,1
138,11,468,7,1
137,11,335,8,1
188,6,468,11,1
143,15,282,10,1
137,13,409,10,1
171,13,346,21,1
127,10,373,6,1
197,10,326,3,1
110,14,416,18,1
118,7,314,21,1
171,9,304,20,1
153,7,288,6,1
120,13,411,11,1
194,13,264,15,1
142,12,244,15,1
153,14,439,0,1
187,10,449,13,1
170,8,339,21,1
96,9,405,17,1
20,1,85,2,2
40,1,112,21,2
29,1,138,7,2
41,1,75,2,2
51,1,89,10,2
28,1,148,23,2
60,1,130,1,2
53,1,57,0,2
52,1,112,18,2
53,1,93,14,2
40,1,101,21,2
38,1,50,12,2
36,1,85,20,2
51,1,121,18,2
57,1,98,0,2
31,1,130,9,2
38,1,63,2,2
28,1,98,21,2
48,1,145,19,2
29,1,135,19,2
58,1,85,12,2
46,1,137,0,2
32,1,70,2,2
56,1,59,20,2
24,1,139,22,2
27,1,83,13,2
44,1,108,21,2
59,1,137,23,2
48,1,115,10,2
37,1,109,21,2
27,1,92,4,2
58,1,93,19,2
25,1,111,23,2
51,1,68,22,2
25,1,82,0,2
41,1,125,3,2
40,1,84,9,2
30,1,51,21,2
23,1,99,2,2
22,1,147,19,2
34,1,65,2,2
55,1,148,4,2
22,1,72,6,2
58,1,120,0,2
21,1,89,13,2
43,1,63,13,2
30,1,91,18,2
52,1,73,14,2
48,1,149,7,2
42,1,133,4,2
21,1,74,11,2
55,1,59,13,2
52,1,72,18,2
32,1,100,14,2
21,1,101,15,2
32,1,64,1,2
41,1,92,9,2
38,1,57,0,2
60,1,85,18,2
34,1,144,16,2
55,1,75,10,2
58,1,87,15,2
20,1,61,20,2
54,1,81,4,2
51,1,77,2,2
33,1,123,22,2
23,1,104,23,2
33,1,105,18,2
50,1,130,6,2
39,1,77,9,2
59,1,69,11,2
42,1,144,21,2
22,1,138,22,2
57,1,120,19,2
35,1,93,18,2
24,1,110,18,2
34,1,55,4,2
55,1,80,5,2
25,1,135,2,2
49,1,55,23,2
55,1,147,6,2
51,1,145,19,2
31,1,86,0,2
47,1,52,20,2
36,1,62,18,2
45,1,78,23,2
59,1,107,12,2
53,1,145,16,2
56,1,65,15,2
23,1,51,12,2
56,1,141,23,2
44,1,50,20,2
44,1,98,22,2
20,1,138,0,2
23,1,64,21,2
40,1,112,2,2
49,1,131,12,2
30,1,121,13,2
53,1,114,20,2
34,1,76,4,2
26,1,50,20,2
21,1,59,4,2
34,1,81,5,2
51,1,102,2,2
54,1,144,8,2
50,1,132,5,2
30,1,88,11,2
28,1,74,16,2
50,1,148,18,2
59,1,89,6,2
20,1,112,17,2
50,1,129,0,2
40,1,68,20,2
31,1,144,4,2
20,1,91,0,2
29,1,54,11,2
60,1,74,15,2
58,1,143,15,2
46,1,137,6,2
50,1,142,10,2
52,1,126,18,2
39,1,149,23,2
45,1,103,7,2
30,1,108,13,2
43,1,104,23,2
23,1,121,13,2
55,1,107,15,2
35,1,118,22,2
57,1,116,20,2
58,1,61,17,2
47,1,61,0,2
26,1,95,17,2
42,1,91,15,2
57,1,81,18,2
41,1,82,10,2
32,1,66,21,2
23,1,119,21,2
33,1,148,4,2
21,1,50,19,2
59,1,82,5,2
43,1,87,5,2
33,1,69,3,2
50,1,73,13,2
59,1,98,19,2
29,1,92,7,2
37,1,52,12,2
37,1,70,13,2
48,1,137,3,2
44,1,145,21,2
25,1,99,2,2
21,1,137,4,2
29,1,121,23,2
20,1,83,14,2
45,1,88,1,2
29,1,136,2,2
60,1,82,6,2
25,1,64,0,2
46,1,129,1,2
55,1,80,10,2
22,1,92,11,2
33,1,73,22,2
37,1,132,2,2
44,1,74,21,2
47,1,113,19,2
39,1,104,16,2
47,1,133,2,2
56,1,119,7,2
37,1,103,5,2
32,1,66,23,2
51,1,57,6,2
43,1,145,4,2
34,1,75,23,2
38,1,102,19,2
58,1,138,17,2
39,1,128,8,2
57,1,98,9,2
24,1,116,18,2
36,1,111,1,2
30,1,92,6,2
22,1,119,23,2
47,1,83,4,2
57,1,139,10,2
32,1,89,13,2
35,1,138,23,2
41,1,136,19,2
42,1,96,5,2
23,1,129,14,2
39,1,150,17,2
47,1,112,23,2
59,1,113,0,2
47,1,114,5,2
20,1,89,18,2
29,1,109,21,2
57,1,149,16,2
42,1,76,10,2
49,1,136,0,2
35,1,141,5,2
39,1,98,10,2
25,1,82,10,2
48,1,82,16,2
46,1,72,17,2
46,1,71,13,2
50,1,87,17,2
21,1,100,17,2
50,1,122,0,2
45,1,116,2,2
38,1,125,20,2
40,1,133,0,2
46,1,115,17,2
56,1,97,20,2
39,1,123,6,2
21,1,135,7,2
25,1,140,16,2
38,1,54,5,2
33,1,100,6,2
50,1,130,13,2
47,1,115,17,2
47,1,91,3,2
48,1,59,14,2
52,1,134,10,2
47,1,136,9,2
28,1,93,13,2
22,1,132,6,2
53,1,100,13,2
45,1,86,23,2
20,1,139,9,2
59,1,142,22,2
34,1,100,18,2
29,1,149,2,2
42,1,71,22,2
41,1,73,6,2
43,1,120,5,2
42,1,75,18,2
43,1,100,17,2
32,1,96,8,2
50,1,134,23,2
43,1,91,14,2
51,1,118,8,2
24,1,148,5,2
46,1,89,11,2
51,1,92,13,2
43,1,113,15,2
51,1,60,4,2
43,1,65,10,2
22,1,111,3,2
25,1,126,1,2
33,1,90,7,2
51,1,89,9,2
48,1,74,2,2
21,1,63,7,2
29,1,57,17,2
23,1,137,10,2
23,1,51,10,2
26,1,75,20,2
48,1,64,3,2
58,1,98,17,2
35,1,79,22,2
27,1,75,3,2
20,1,121,22,2
53,1,82,4,2
45,1,100,23,2
36,1,73,2,2
22,1,71,1,2
53,1,124,12,2
39,1,64,19,2
24,1,134,4,2
36,1,138,22,2
42,1,104,9,2
42,1,85,9,2
46,1,114,1,2
55,1,77,11,2
49,1,76,2,2
60,1,70,2,2
40,1,71,12,2
41,1,91,14,2
44,1,61,23,2
31,1,111,9,2
39,1,63,15,2
25,1,132,9,2
56,1,89,0,2
32,1,120,1,2
54,1,103,1,2
43,1,117,0,2
41,1,143,7,2
44,1,75,0,2
21,1,74,21,2
59,1,78,15,2
39,1,83,5,2
52,1,72,22,2
47,1,137,6,2
28,1,150,0,2
57,1,68,21,2
46,1,148,10,2
38,1,58,22,2
26,1,81,4,2
46,1,141,16,2
50,1,89,14,2
23,1,101,11,2
51,1,109,1,2
26,1,103,17,2
59,1,98,21,2
39,1,79,0,2
56,1,51,20,2
34,1,90,23,2
56,1,77,15,2
26,1,71,14,2
35,1,131,9,2
24,1,116,13,2
38,1,80,18,2
32,1,119,7,2
39,1,65,1,2
56,1,147,22,2
29,1,92,22,2
25,1,122,12,2
33,1,121,1,2
54,1,69,15,2
57,1,71,1,2
59,1,140,10,2
59,1,117,7,2
46,1,56,14,2
32,1,75,1,2
35,1,114,14,2
21,1,89,9,2
57,1,73,7,2
45,1,68,23,2
49,1,84,14,2
38,1,54,14,2
42,1,57,13,2
47,1,71,8,2
53,1,103,23,2
20,1,58,2,2
43,1,58,16,2
57,1,91,10,2
46,1,136,22,2
37,1,110,5,2
59,1,65,19,2
55,1,145,17,2
30,1,72,21,2
36,1,134,7,2
40,1,144,0,2
50,1,147,16,2
28,1,91,19,2
52,1,112,17,2
21,1,66,14,2
43,1,93,2,2
59,1,59,2,2
29,1,144,1,2
23,1,61,5,2
57,1,112,16,2
27,1,64,5,2
26,1,59,3,2
56,1,50,21,2
58,1,146,20,2
41,1,111,5,2
42,1,118,17,2
51,1,75,21,2
40,1,74,19,2
31,1,113,23,2
26,1,94,6,2
40,1,52,3,2
30,1,150,19,2
36,1,116,23,2
50,1,72,10,2
38,1,112,22,2
56,1,132,15,2
27,1,91,18,2
34,1,149,16,2
21,1,134,8,2
28,1,68,11,2
36,1,55,23,2
43,1,97,18,2
22,1,137,1,2
36,1,124,11,2
29,1,82,21,2
20,1,113,14,2
29,1,132,0,2
31,1,67,17,2
52,1,113,7,2
60,1,121,10,2
24,1,63,10,2
45,1,139,9,2
25,1,102,17,2
30,1,75,17,2
39,1,87,10,2
22,1,148,13,2
45,1,85,17,2
27,1,67,12,2
52,1,146,21,2
27,1,51,4,2
54,1,64,1,2
40,1,99,10,2
30,1,74,19,2
20,1,116,18,2
42,1,110,4,2
56,1,75,4,2
30,1,130,15,2
54,1,89,21,2
60,1,120,10,2
53,1,118,5,2
58,1,135,6,2
22,1,74,12,2
41,1,124,0,2
28,1,139,10,2
24,1,59,18,2
60,1,60,3,2
46,1,121,5,2
52,1,75,22,2
52,1,51,12,2
34,1,117,20,2
49,1,147,8,2
41,1,135,19,2
34,1,107,19,2
49,1,119,12,2
28,1,56,19,2
25,1,138,16,2
56,1,59,14,2
31,1,125,13,2
26,1,113,15,2
52,1,82,13,2
59,1,108,22,2
29,1,107,0,2
51,1,72,8,2
38,1,109,20,2
43,1,84,7,2
51,1,54,12,2
30,1,147,15,2
33,1,132,12,2
37,1,136,3,2
27,1,112,7,2
26,1,118,11,2
55,1,54,15,2
26,1,62,10,2
60,1,145,16,2
28,1,138,9,2
60,1,147,9,2
20,1,54,12,2
47,1,80,1,2
52,1,148,12,2
30,1,137,21,2
50,1,85,8,2
27,1,96,12,2
44,1,129,9,2
60,1,145,7,2
50,1,71,16,2
28,1,113,7,2
32,1,145,21,2
31,1,149,13,2
57,1,117,22,2
24,1,121,12,2
57,1,118,15,2
21,1,73,3,2
54,1,95,19,2
41,1,92,10,2
33,1,90,11,2
47,1,71,5,2
25,1,64,21,2
20,1,95,20,2
57,1,68,13,2
20,1,138,16,2
44,1,126,1,2
36,1,137,15,2
22,1,114,11,2
25,1,98,4,2
32,1,107,13,2
44,1,121,1,2
57,1,60,1,2
33,1,61,20,2
44,1,51,19,2
25,1,119,19,2
42,1,68,20,2
34,1,100,4,2
37,1,52,12,2
37,1,109,3,2
23,1,98,22,2
59,1,80,15,2
50,1,55,15,2
60,1,55,13,2
46,1,115,9,2
30,1,113,4,2
46,1,122,16,2
53,1,60,7,2
31,1,53,23,2
55,1,120,15,2
24,1,148,7,2
24,1,53,22,2
43,1,74,9,2
23,1,80,3,2
59,1,96,23,2
24,1,109,3,2
38,1,95,7,2
30,1,50,19,2
36,1,142,13,2
35,1,94,18,2
31,1,128,19,2
53,1,105,2,2
55,1,99,6,2
49,1,69,8,2
48,1,114,9,2
50,1,50,20,2
30,1,95,16,2
21,1,70,19,2
52,1,92,11,2
32,1,52,6,2
59,1,71,8,2
24,1,71,11,2
42,1,148,0,2
48,1,90,2,2
36,1,65,1,2
58,1,85,21,2
40,1,123,19,2
50,1,148,6,2
41,1,140,3,2
20,1,146,22,2
48,1,53,9,2
21,1,99,6,2
31,1,81,20,2
30,1,129,2,2
20,1,102,5,2
39,1,54,5,2
54,1,139,4,2
59,1,118,17,2
56,1,109,1,2
57,1,121,12,2
27,1,100,3,2
31,1,122,15,2
21,1,83,16,2
48,1,71,4,2
46,1,50,8,2
47,1,76,10,2
52,1,58,14,2
42,1,142,5,2
42,1,144,6,2
28,1,91,4,2
47,1,64,12,2
42,1,150,5,2
53,1,77,10,2
33,1,125,16,2
52,1,148,21,2
21,1,66,5,2
36,1,72,22,2
60,1,150,12,2
20,1,50,16,2
22,1,87,14,2
44,1,73,11,2
48,1,95,18,2
48,1,82,6,2
23,1,108,9,2
33,1,74,17,2
34,1,71,20,2
29,1,95,23,2
49,1,87,20,2
50,1,62,20,2
28,1,132,14,2
41,1,114,20,2
55,1,127,7,2
49,1,146,10,2
29,1,93,9,2
46,1,89,2,2
48,1,128,5,2
48,1,116,19,2
25,1,149,7,2
45,1,141,13,2
51,1,150,11,2
47,1,125,19,2
57,1,135,17,2
51,1,79,9,2
50,1,104,17,2
46,1,91,21,2
50,1,50,10,2
49,1,75,3,2
24,1,137,17,2
21,1,55,23,2
54,1,61,0,2
44,1,148,16,2
57,1,145,11,2
35,1,67,8,2
41,1,114,22,2
20,1,136,21,2
52,1,105,6,2
57,1,128,6,2
30,1,96,10,2
38,1,137,2,2
59,1,93,0,2
45,1,108,8,2
36,1,55,22,2
43,1,127,13,2
36,1,68,14,2
30,1,65,0,2
41,1,150,11,2
40,1,76,17,2
30,1,74,6,2
26,1,101,15,2
55,1,128,9,2
21,1,69,15,2
49,1,93,20,2
31,1,60,16,2
44,1,133,9,2
25,1,139,8,2
34,1,90,8,2
60,1,95,9,2
47,1,130,13,2
34,1,140,8,2
30,1,130,16,2
30,1,97,20,2
29,1,138,0,2
57,1,103,21,2
21,1,130,8,2
31,1,145,8,2
50,1,96,9,2
48,1,68,8,2
42,1,81,2,2
41,1,79,8,2
25,1,92,14,2
59,1,51,4,2
44,1,126,1,2
26,1,76,23,2
45,1,132,12,2
25,1,50,7,2
43,1,129,19,2
50,1,126,6,2
51,1,84,21,2
24,1,86,14,2
49,1,78,8,2
40,1,127,23,2
23,1,99,14,2
35,1,51,18,2
60,1,116,5,2
30,1,133,11,2
56,1,54,21,2
60,1,127,12,2
27,1,79,15,2
39,1,66,15,2
41,1,142,0,2
51,1,134,14,2
55,1,144,10,2
39,1,51,23,2
25,1,119,7,2
55,1,90,20,2
55,1,144,7,2
57,1,119,16,2
57,1,108,6,2
38,1,102,22,2
59,1,99,5,2
34,1,64,21,2
20,1,100,13,2
52,1,117,14,2
31,1,91,14,2
21,1,119,19,2
49,1,106,17,2
44,1,65,19,2
52,1,74,1,2
48,1,127,10,2
34,1,74,21,2
41,1,140,4,2
33,1,124,15,2
42,1,75,20,2
54,1,70,22,2
37,1,108,17,2
21,1,123,23,2
24,1,112,18,2
20,1,87,17,2
31,1,131,16,2
41,1,147,2,2
21,1,127,8,2
50,1,77,4,2
59,1,93,10,2
57,1,120,15,2
35,1,55,18,2
59,1,117,1,2
47,1,134,1,2
34,1,54,20,2
48,1,139,17,2
46,1,142,17,2
50,1,113,22,2
40,1,80,3,2
24,1,51,14,2
36,1,61,4,2
37,1,110,10,2
44,1,97,17,2
25,1,85,14,2
53,1,134,23,2
37,1,129,15,2
46,1,138,11,2
35,1,79,13,2
57,1,74,13,2
40,1,99,1,2
48,1,126,11,2
59,1,112,4,2
22,1,101,11,2
59,1,150,18,2
58,1,64,2,2
56,1,139,22,2
53,1,51,9,2
34,1,110,1,2
37,1,106,15,2
23,1,85,5,2
54,1,133,18,2
54,1,122,17,2
23,1,81,7,2
32,1,55,15,2
51,1,123,23,2
54,1,138,8,2
25,1,146,1,2
26,1,95,8,2
22,1,66,19,2
38,1,132,5,2
42,1,55,19,2
31,1,145,7,2
58,1,128,19,2
32,1,148,11,2
32,1,133,3,2
21,1,138,16,2
60,1,128,5,2
25,1,89,9,2
40,1,103,14,2
27,1,90,9,2
57,1,50,16,2
52,1,150,13,2
44,1,108,5,2
56,1,64,1,2
37,1,149,5,2
55,1,120,8,2
40,1,50,21,2
23,1,72,2,2
32,1,130,8,2
34,1,96,14,2
23,1,95,23,2
23,1,127,23,2
56,1,78,9,2
49,1,75,7,2
40,1,149,12,2
43,1,126,0,2
28,1,58,20,2
30,1,113,21,2
53,1,149,19,2
22,1,89,5,2
53,1,106,6,2
57,1,64,5,2
23,1,65,2,2
22,1,100,20,2
24,1,68,3,2
32,1,142,12,2
60,1,137,9,2
49,1,129,19,2
47,1,89,15,2
23,1,72,14,2
48,1,77,9,2
57,1,149,22,2
24,1,108,0,2
22,1,123,6,2
27,1,52,12,2
22,1,61,0,2
52,1,66,2,2
25,1,130,15,2
35,1,62,6,2
41,1,125,13,2
32,1,104,14,2
33,1,72,12,2
52,1,128,8,2
24,1,97,1,2
44,1,93,21,2
38,1,125,10,2
44,1,131,21,2
48,1,76,5,2
49,1,120,15,2
29,1,60,12,2
40,1,133,7,2
30,1,55,0,2
43,1,130,18,2
48,1,92,1,2
50,1,123,22,2
48,1,140,3,2
48,1,146,9,2
24,1,125,22,2
47,1,106,8,2
25,1,114,19,2
30,1,124,6,2
21,1,107,1,2
59,1,110,9,2
46,1,112,21,2
28,1,124,1,2
21,1,146,10,2
37,1,73,12,2
33,1,103,4,2
24,1,106,0,2
21,1,66,20,2
37,1,121,7,2
50,1,136,13,2
46,1,126,9,2
20,1,126,22,2
32,1,147,12,2
29,1,135,15,2
23,1,80,13,2
58,1,63,19,2
21,1,63,22,2
27,1,84,9,2
60,1,108,15,2
37,1,150,3,2
53,1,72,11,2
28,1,60,7,2
34,1,101,8,2
40,1,52,1,2
59,1,96,8,2
33,1,116,5,2
31,1,94,6,2
30,1,65,12,2
34,1,104,13,2
42,1,113,18,2
39,1,85,15,2
43,1,128,4,2
31,1,145,14,2
58,1,148,22,2
29,1,120,23,2
45,1,138,6,2
41,1,96,2,2
38,1,63,14,2
27,1,133,18,2
60,1,54,17,2
37,1,68,9,2
59,1,115,6,2
30,1,133,13,2
35,1,114,15,2
46,1,86,1,2
55,1,58,11,2
29,1,105,5,2
20,1,138,11,2
22,1,131,12,2
57,1,124,17,2
51,1,112,12,2
39,1,83,21,2
36,1,123,20,2
56,1,148,23,2
29,1,51,19,2
58,1,82,19,2
59,1,88,7,2
47,1,111,13,2
34,1,148,2,2
38,1,122,6,2
26,1,85,18,2
52,1,87,2,2
28,1,67,1,2
38,1,120,5,2
58,1,134,3,2
32,1,76,22,2
42,1,93,7,2
21,1,114,6,2
53,1,137,13,2
37,1,68,2,2
37,1,128,5,2
20,1,75,7,2
47,1,107,8,2
21,1,66,7,2
53,1,56,9,2
20,1,139,17,2
32,1,107,16,2
50,1,92,16,2
46,1,95,13,2
42,1,107,12,2
55,1,53,23,2
56,1,149,14,2
40,1,103,19,2
53,1,62,16,2
27,1,50,6,2
22,1,70,9,2
35,1,128,3,2
41,1,70,10,2
56,1,70,15,2
38,1,57,10,2
23,1,56,4,2
48,1,95,19,2
28,1,104,11,2
49,1,100,6,2
47,1,51,19,2
25,1,70,14,2
22,1,105,9,2
51,1,75,15,2
24,1,74,5,2
45,1,61,10,2
21,1,137,20,2
26,1,133,1,2
48,1,93,19,2
32,1,143,13,2
30,1,135,2,2
36,1,146,7,2
52,1,143,16,2
37,1,58,13,2
50,1,137,15,2
45,1,72,23,2
55,1,106,8,2
54,1,104,10,2
57,1,82,22,2
36,1,101,21,2
25,1,78,20,2
52,1,117,18,2
42,1,123,13,2
37,1,130,6,2
32,1,140,6,2
55,1,140,21,2
34,1,84,0,2
37,1,56,20,2
25,1,144,14,2
23,1,115,1,2
40,1,59,17,2
36,1,78,6,2
23,1,127,23,2
33,1,129,9,2
22,1,120,7,2
37,1,64,9,2
51,1,96,3,2
45,1,64,14,2
46,1,128,15,2
35,1,128,21,2
32,1,75,17,2
47,1,99,12,2
56,1,68,2,2
21,1,125,5,2
45,1,73,14,2
59,1,82,13,2
29,1,94,10,2
25,1,105,23,2
46,1,82,20,2
60,1,82,21,2
22,1,109,16,2
59,1,122,19,2
51,1,71,11,2
36,1,109,22,2
58,1,111,21,2
27,1,72,19,2
20,1,77,7,2
39,1,129,17,2
39,1,56,9,2
30,1,140,7,2
24,1,103,23,2
43,1,79,8,2
36,1,96,18,2
25,1,70,20,2
20,1,112,9,2
30,1,134,5,2
30,1,81,22,2
36,1,76,6,2
31,1,109,6,2
29,1,126,1,2
38,1,128,13,2
37,1,71,12,2
38,1,61,16,2
49,1,105,23,2
59,1,97,7,2
58,1,97,17,2
45,1,70,22,2
20,1,63,19,2
47,1,92,12,2
22,1,128,18,2
57,1,130,0,2
37,1,126,23,2
54,1,98,8,2
25,1,77,5,2
33,1,132,21,2
51,1,140,1,2
39,1,75,16,2
34,1,140,21,2
41,1,133,1,2
39,1,102,18,2
48,1,110,13,2
43,1,147,3,2
36,1,121,20,2
37,1,87,9,2
45,1,117,10,2
25,1,121,4,2
29,1,81,23,2
60,1,128,7,2
59,1,58,14,2
58,1,75,1,2
42,1,60,5,2
53,1,75,14,2
43,1,148,23,2
32,1,125,23,2
36,1,58,13,2
53,1,95,16,2
59,1,125,18,2
40,1,65,13,2
50,1,73,9,2
34,1,108,15,2
39,1,129,11,2
24,1,114,4,2
43,1,134,15,2
43,1,108,1,2
28,1,71,17,2
38,1,70,12,2
46,1,53,23,2
28,1,60,19,2
37,1,139,0,2
28,1,127,0,2
42,1,94,2,2
57,1,75,1,2
29,1,86,0,2
34,1,52,1,2
59,1,101,21,2
60,1,124,14,2
21,1,132,1,2
52,1,68,12,2
41,1,74,8,2
47,1,117,13,2
24,1,129,2,2
28,1,99,6,2
38,1,74,0,2
41,1,62,12,2
21,1,65,23,2
21,1,134,11,2
27,1,134,4,2
22,1,53,14,2
28,1,119,20,2
24,1,65,4,2
41,1,66,7,2
31,1,89,11,2
27,1,83,13,2
51,1,68,11,2
36,1,61,11,2
49,1,133,18,2
34,1,107,17,2
34,1,141,9,2
51,1,131,21,2
51,1,149,13,2
39,1,67,23,2
41,1,105,22,2
56,1,116,8,2
45,1,74,7,2
42,1,55,13,2
36,1,146,17,2
29,1,137,1,2
28,1,68,5,2
55,1,148,23,2
34,1,65,6,2
39,1,104,5,2
20,1,63,23,2
52,1,95,16,2
60,1,110,10,2
38,1,101,6,2
59,1,102,10,2
40,1,141,8,2
45,1,101,14,2
57,1,124,18,2
51,1,61,18,2
45,1,90,10,2
41,1,111,21,2
25,1,141,1,2
31,1,78,12,2
48,1,122,4,2
24,1,69,2,2
41,1,125,12,2
46,1,84,15,2
21,1,56,19,2
40,1,123,15,2
54,1,124,10,2
57,1,56,19,2
31,1,117,16,2
32,1,122,9,2
57,1,59,4,2
36,1,59,6,2
36,1,74,1,2
57,1,85,1,2
43,1,80,8,2
49,1,56,5,2
53,1,138,17,2
47,1,108,19,2
37,1,55,9,2
58,1,112,15,2
21,1,146,19,2
40,1,126,21,2
22,1,105,22,2
47,1,121,3,2
26,1,149,17,2
23,1,104,13,2
41,1,106,13,2
46,1,133,22,2
29,1,93,21,2
38,1,91,18,2
45,1,149,12,2
58,1,59,7,2
42,1,107,21,2
20,1,129,14,2
49,1,123,12,2
28,1,95,9,2
44,1,67,21,2
36,1,130,23,2
59,1,140,19,2
34,1,137,14,2
59,1,139,6,2
50,1,76,22,2
36,1,147,0,2
55,1,53,4,2
57,1,149,17,2
47,1,98,21,2
37,1,82,1,2
58,1,98,10,2
52,1,67,22,2
52,1,115,9,2
30,1,70,20,2
27,1,82,13,2
27,1,113,13,2
52,1,109,8,2
34,1,104,6,2
32,1,90,0,2
22,1,61,11,2
20,1,55,12,2
26,1,143,16,2
45,1,75,2,2
44,1,86,16,2
27,1,77,7,2
26,1,120,23,2
41,1,139,13,2
58,1,117,9,2
28,1,58,0,2
36,1,127,15,2
41,1,61,16,2
58,1,126,11,2
34,1,111,16,2
55,1,147,8,2
41,1,57,6,2
23,1,100,12,2
46,1,62,5,2
48,1,144,11,2
46,1,142,20,2
56,1,132,13,2
59,1,92,0,2
29,1,61,11,2
35,1,118,10,2
59,1,67,0,2
27,1,123,5,2
53,1,76,2,2
48,1,70,3,2
21,1,94,0,2
20,1,55,9,2
35,1,68,22,2
26,1,139,1,2
45,1,97,6,2
26,1,69,5,2
59,1,100,14,2
33,1,55,5,2
35,1,85,6,2
32,1,120,23,2
42,1,56,3,2
20,1,72,10,2
45,1,79,21,2
42,1,84,13,2
44,1,126,0,2
52,1,53,11,2
23,1,70,3,2
34,1,89,10,2
41,1,57,9,2
44,1,100,8,2
39,1,137,19,2
58,1,114,2,2
29,1,109,13,2
55,1,148,21,2
31,1,56,23,2
26,1,64,13,2
25,1,116,14,2
26,1,82,16,2
38,1,64,2,2
21,1,103,8,2
37,1,135,3,2
52,1,115,8,2
50,1,101,3,2
47,1,76,2,2
50,1,86,13,2
34,1,70,8,2
30,1,111,17,2
58,1,107,17,2
22,1,136,13,2
41,1,118,15,2
47,1,69,17,2
35,1,126,9,2
49,1,127,12,2
24,1,106,20,2
57,1,60,12,2
37,1,69,23,2
33,1,138,3,2
50,1,124,8,2
51,1,104,0,2
43,1,139,23,2
28,1,99,20,2
29,1,100,0,2
47,1,118,6,2
30,1,124,2,2
33,1,59,21,2
23,1,121,12,2
47,1,87,11,2
28,1,137,1,2
54,1,83,18,2
35,1,133,22,2
50,1,142,16,2
34,1,66,13,2
45,1,145,4,2
54,1,72,1,2
29,1,149,22,2
55,1,97,11,2
38,1,107,9,2
32,1,105,1,2
56,1,88,19,2
44,1,125,4,2
58,1,78,2,2
44,1,112,1,2
48,1,105,9,2
27,1,100,15,2
22,1,85,2,2
22,1,145,17,2
38,1,115,6,2
30,1,52,4,2
51,1,106,16,2
56,1,123,1,2
20,1,68,2,2
56,1,149,4,2
34,1,92,11,2
23,1,71,11,2
47,1,145,9,2
55,1,82,5,2
59,1,149,9,2
39,1,55,13,2
27,1,104,8,2
35,1,58,23,2
59,1,115,6,2
36,1,139,0,2
37,1,137,9,2
54,1,58,13,2
20,1,59,0,2
49,1,70,5,2
35,1,99,19,2
40,1,138,11,2
56,1,100,23,2
56,1,52,6,2
57,1,111,8,2
59,1,96,19,2
32,1,59,5,2
57,1,94,7,2
33,1,116,15,2
43,1,54,16,2
34,1,129,2,2
59,1,73,6,2
26,1,143,4,2
42,1,63,10,2
46,1,78,21,2
49,1,51,5,2
60,1,75,22,2
36,1,142,18,2
32,1,142,12,2
34,1,69,23,2
36,1,66,3,2
41,1,94,4,2
33,1,83,20,2
20,1,105,23,2
28,1,125,18,2
40,1,71,3,2
39,1,142,18,2
44,1,116,14,2
31,1,122,23,2
33,1,106,13,2
23,1,56,8,2
53,1,122,13,2
23,1,63,17,2
28,1,129,7,2
59,1,93,14,2
20,1,81,1,2
27,1,79,0,2
24,1,136,21,2
44,1,149,14,2
49,1,87,6,2
46,1,76,9,2
40,1,80,12,2
49,1,111,8,2
59,1,123,4,2
42,1,79,23,2
44,1,86,13,2
36,1,140,21,2
49,1,65,19,2
32,1,104,21,2
26,1,87,16,2
21,1,83,18,2
21,1,87,20,2
53,1,126,15,2
30,1,99,11,2
35,1,112,20,2
25,1,116,8,2
37,1,134,6,2
59,1,126,4,2
51,1,138,2,2
26,1,100,2,2
30,1,139,14,2
50,1,128,16,2
53,1,110,2,2
21,1,91,5,2
60,1,55,5,2
33,1,149,19,2
59,1,96,8,2
55,1,133,3,2
50,1,77,8,2
33,1,149,10,2
41,1,119,7,2
44,1,94,22,2
53,1,94,5,2
25,1,119,20,2
20,1,86,8,2
32,1,122,3,2
31,1,145,16,2
54,1,134,9,2
60,1,60,10,2
47,1,82,16,2
31,1,97,5,2
23,1,68,8,2
32,1,116,5,2
54,1,56,10,2
50,1,82,7,2
27,1,84,1,2
31,1,71,17,2
58,1,80,23,2
52,1,79,12,2
30,1,148,16,2
38,1,94,19,2
51,1,118,23,2
51,1,95,20,2
35,1,55,20,2
40,1,90,23,2
27,1,54,23,2
42,1,126,4,2
20,1,85,23,2
28,1,80,13,2
59,1,121,10,2
35,1,112,5,2
44,1,124,17,2
44,1,59,9,2
51,1,126,14,2
38,1,140,4,2
46,1,92,21,2
30,1,119,0,2
48,1,67,13,2
55,1,150,17,2
22,1,76,13,2
59,1,64,17,2
46,1,64,0,2
48,1,51,20,2
32,1,64,4,2
55,1,107,17,2
25,1,73,19,2
40,1,134,13,2
37,1,110,12,2
29,1,55,10,2
21,1,116,11,2
53,1,102,10,2
32,1,114,11,2
36,1,144,13,2
34,1,60,0,2
39,1,53,19,2
60,1,114,20,2
43,1,134,20,2
43,1,141,18,2
40,1,127,11,2
30,1,63,2,2
59,1,135,3,2
54,1,76,8,2
27,1,102,2,2
53,1,51,15,2
34,1,141,8,2
31,1,81,14,2
26,1,133,17,2
28,1,118,14,2
30,1,126,14,2
42,1,119,15,2
21,1,78,8,2
29,1,143,20,2
53,1,113,18,2
28,1,76,22,2
22,1,112,3,2
27,1,137,10,2
59,1,131,14,2
20,1,111,10,2
45,1,81,0,2
55,1,138,8,2
59,1,129,18,2
38,1,133,18,2
24,1,126,5,2
41,1,109,23,2
48,1,108,22,2
31,1,97,14,2
57,1,136,11,2
47,1,114,19,2
28,1,112,18,2
35,1,53,6,2
35,1,129,8,2
34,1,101,14,2
52,1,147,16,2
31,1,74,9,2
42,1,146,18,2
33,1,90,22,2
45,1,145,5,2
59,1,57,12,2
55,1,96,18,2
26,1,93,4,2
30,1,119,15,2
52,1,95,1,2
43,1,102,18,2
47,1,54,23,2
30,1,66,13,2
47,1,144,9,2
33,1,136,5,2
44,1,65,21,2
20,1,94,20,2
29,1,93,0,2
46,1,123,19,2
55,1,150,3,2
24,1,141,23,2
20,1,115,21,2
51,1,87,16,2
51,1,106,21,2
34,1,72,4,2
27,1,94,23,2
44,1,146,6,2
39,1,53,8,2
49,1,144,6,2
59,1,79,5,2
34,1,53,18,2
42,1,113,9,2
24,1,51,11,2
55,1,103,13,2
33,1,61,10,2
23,1,56,11,2
24,1,120,6,2
24,1,122,11,2
30,1,75,12,2
53,1,125,19,2
48,1,129,19,2
36,1,117,5,2
20,1,109,13,2
57,1,66,5,2
22,1,95,1,2
26,1,99,8,2
22,1,138,10,2
30,1,77,10,2
54,1,107,14,2
59,1,92,22,2
55,1,142,10,2
46,1,87,5,2
44,1,128,12,2
60,1,56,18,2
32,1,104,10,2
39,1,79,14,2
46,1,131,22,2
50,1,73,1,2
31,1,149,5,2
47,1,97,9,2
36,1,68,18,2
30,1,135,7,2
27,1,53,22,2
38,1,87,4,2
39,1,130,5,2
41,1,122,16,2
27,1,128,17,2
22,1,81,19,2
52,1,133,22,2
37,1,150,11,2
35,1,64,2,2
54,1,93,12,2
37,1,119,21,2
21,1,150,6,2
22,1,78,1,2
32,1,119,7,2
46,1,79,5,2
21,1,72,0,2
35,1,131,8,2
60,1,98,0,2
56,1,70,13,2
27,1,76,0,2
42,1,147,6,2
49,1,118,4,2
26,1,148,9,2
46,1,98,23,2
52,1,97,17,2
46,1,107,1,2
56,1,63,17,2
21,1,102,23,2
50,1,119,9,2
36,1,102,9,2
33,1,131,5,2
32,1,74,15,2
23,1,66,12,2
58,1,74,0,2
44,1,147,22,2
33,1,98,2,2
43,1,95,4,2
25,1,96,1,2
32,1,119,17,2
55,1,93,2,2
29,1,82,22,2
30,1,67,18,2
51,1,99,3,2
46,1,129,9,2
45,1,131,6,2
50,1,68,8,2
34,1,87,0,2
30,1,107,9,2
39,1,56,21,2
26,1,84,18,2
31,1,103,0,2
21,1,105,13,2
22,1,147,11,2
53,1,131,17,2
51,1,82,21,2
22,1,114,16,2
46,1,130,18,2
24,1,72,14,2
43,1,120,3,2
48,1,79,11,2
41,1,64,0,2
28,1,115,11,2
45,1,68,17,2
34,1,69,1,2
51,1,89,4,2
55,1,92,19,2
31,1,100,3,2
25,1,129,13,2
26,1,60,1,2
24,1,97,17,2
59,1,108,3,2
28,1,98,12,2
32,1,130,8,2
22,1,97,6,2
52,1,105,23,2
32,1,111,8,2
20,1,69,23,2
48,1,69,5,2
33,1,130,19,2
49,1,75,18,2
27,1,90,7,2
26,1,98,5,2
56,1,134,9,2
56,1,68,0,2
25,1,101,9,2
38,1,84,19,2
30,1,114,2,2
22,1,106,21,2
33,1,122,21,2
22,1,141,13,2
26,1,74,0,2
33,1,55,11,2
31,1,106,3,2
55,1,63,19,2
37,1,89,23,2
60,1,145,15,2
32,1,113,10,2
42,1,131,0,2
25,1,124,11,2
51,1,86,16,2
27,1,105,10,2
57,1,126,21,2
55,1,127,19,2
51,1,110,0,2
20,1,58,3,2
42,1,113,6,2
59,1,103,0,2
36,1,128,12,2
60,1,95,19,2
34,1,134,14,2
24,1,91,15,2
30,1,55,8,2
28,1,112,13,2
40,1,119,5,2
33,1,61,23,2
60,1,112,4,2
35,1,145,8,2
23,1,93,14,2
53,1,113,16,2
31,1,96,19,2
55,1,56,9,2
39,1,60,23,2
30,1,70,17,2
34,1,139,14,2
48,1,76,23,2
50,1,142,10,2
22,1,107,10,2
43,1,141,6,2
50,1,123,6,2
28,1,126,1,2
36,1,130,19,2
25,1,89,20,2
58,1,55,13,2
37,1,59,1,2
58,1,135,15,2
48,1,62,5,2
40,1,125,17,2
32,1,122,9,2
52,1,125,21,2
59,1,135,15,2
41,1,110,23,2
30,1,131,19,2
56,1,74,14,2
20,1,60,22,2
37,1,55,20,2
35,1,125,11,2
37,1,90,1,2
44,1,101,9,2
44,1,52,11,2
29,1,104,4,2
51,1,64,2,2
54,1,102,2,2
30,1,99,20,2
34,1,62,2,2
26,1,87,13,2
21,1,122,0,2
33,1,67,23,2
40,1,54,12,2
29,1,149,22,2
23,1,50,18,2
49,1,117,1,2
54,1,142,1,2
56,1,104,19,2
48,1,65,12,2
37,1,115,17,2
55,1,57,4,2
28,1,95,11,2
26,1,146,14,2
29,1,138,16,2
47,1,71,7,2
25,1,126,13,2
44,1,59,12,2
45,1,93,3,2
37,1,91,7,2
56,1,56,5,2
28,1,74,9,2
57,1,76,2,2
22,1,100,6,2
20,1,60,19,2
59,1,51,11,2
55,1,52,21,2
24,1,147,20,2
45,1,132,0,2
60,1,101,15,2
24,1,130,14,2
49,1,102,14,2
42,1,147,14,2
59,1,117,14,2
33,1,52,13,2
50,1,71,12,2
51,1,127,22,2
41,1,145,7,2
28,1,127,3,2
57,1,80,2,2
22,1,128,20,2
32,1,88,20,2
31,1,86,10,2
39,1,124,2,2
43,1,84,9,2
23,1,94,15,2
47,1,103,17,2
25,1,50,23,2
27,1,138,11,2
26,1,135,20,2
37,1,114,20,2
52,1,65,1,2
34,1,122,18,2
23,1,123,3,2
26,1,52,14,2
35,1,117,23,2
55,1,84,15,2
42,1,107,9,2
41,1,120,11,2
42,1,144,4,2
47,1,111,10,2
44,1,69,13,2
38,1,122,4,2
32,1,65,7,2
34,1,147,7,2
27,1,128,22,2
57,1,69,3,2
46,1,99,19,2
36,1,72,15,2
47,1,86,18,2
47,1,124,16,2
40,1,58,15,2
39,1,93,5,2
55,1,120,8,2
40,1,133,2,2
51,1,145,1,2
37,1,112,5,2
44,1,82,12,2
45,1,82,5,2
55,1,124,12,2
20,1,62,19,2
44,1,128,13,2
59,1,57,23,2
35,1,93,23,2
48,1,78,17,2
28,1,121,6,2
55,1,116,13,2
40,1,137,20,2
46,1,131,7,2
43,1,80,8,2
22,1,74,4,2
20,1,124,0,2
44,1,74,0,2
28,1,97,21,2
44,1,89,20,2
41,1,114,21,2
59,1,85,4,2
42,1,77,9,2
54,1,131,16,2
29,1,108,5,2
38,1,50,7,2
59,1,127,13,2
31,1,56,15,2
33,1,53,22,2
46,1,147,21,2
45,1,139,10,2
56,1,74,5,2
48,1,124,15,2
57,1,90,15,2
20,1,87,4,2
22,1,121,21,2
41,1,148,21,2
22,1,75,7,2
36,1,63,0,2
53,1,82,4,2
36,1,149,10,2
36,1,50,9,2
36,1,147,9,2
58,1,115,3,2
47,1,79,14,2
29,1,72,13,2
20,1,100,19,2
60,1,114,11,2
40,1,54,8,2
55,1,52,22,2
31,1,108,17,2
20,1,71,16,2
35,1,106,21,2
34,1,136,23,2
51,1,131,21,2
38,1,59,20,2
45,1,124,10,2
56,1,79,17,2
28,1,147,14,2
20,1,73,7,2
54,1,65,12,2
42,1,57,7,2
23,1,87,11,2
34,1,59,2,2
53,1,72,4,2
36,1,146,11,2
42,1,92,9,2
47,1,114,17,2
58,1,77,23,2
21,1,79,7,2
46,1,104,1,2
28,1,50,16,2
58,1,56,20,2
55,1,120,7,2
45,1,91,18,2
27,1,110,5,2
32,1,149,11,2
28,1,126,18,2
42,1,61,6,2
47,1,71,19,2
54,1,145,9,2
50,1,127,15,2
42,1,141,11,2
22,1,136,1,2
43,1,89,22,2
53,1,129,23,2
36,1,115,6,2
58,1,58,0,2
22,1,141,18,2
51,1,139,14,2
42,1,124,2,2
25,1,82,5,2
42,1,69,11,2
56,1,84,18,2
44,1,96,16,2
24,1,61,3,2
24,1,107,1,2
39,1,52,16,2
54,1,148,21,2
43,1,97,13,2
33,1,147,5,2
48,1,70,18,2
22,1,113,12,2
33,1,62,2,2
54,1,84,4,2
34,1,130,4,2
51,1,76,16,2
45,1,68,4,2
30,1,142,10,2
24,1,77,17,2
59,1,77,1,2
25,1,88,17,2
49,1,115,11,2
33,1,95,3,2
50,1,85,11,2
28,1,145,15,2
33,1,89,21,2
44,1,102,18,2
26,1,56,2,2
50,1,119,22,2
41,1,61,1,2
40,1,132,1,2
34,1,88,3,2
44,1,106,9,2
34,1,50,3,2
46,1,87,18,2
52,1,141,6,2
26,1,140,14,2
27,1,53,13,2
39,1,134,3,2
22,1,117,5,2
24,1,82,10,2
59,1,100,22,2
49,1,141,18,2
30,1,90,18,2
28,1,81,3,2
21,1,122,21,2
24,1,50,0,2
22,1,80,0,2
20,1,63,0,2
50,1,146,20,2
23,1,126,18,2
40,1,124,18,2
56,1,59,2,2
46,1,128,13,2
58,1,112,18,2
23,1,150,16,2
60,1,72,21,2
45,1,62,15,2
20,1,119,14,2
47,1,55,12,2
23,1,52,6,2
42,1,72,21,2
47,1,71,6,2
40,1,139,21,2
46,1,89,8,2
60,1,54,23,2
40,1,51,4,2
35,1,146,12,2
31,1,147,13,2
45,1,93,7,2
48,1,120,4,2
44,1,135,14,2
32,1,115,7,2
36,1,126,22,2
56,1,121,4,2
21,1,113,13,2
20,1,57,5,2
32,1,53,6,2
55,1,57,16,2
54,1,77,9,2
35,1,135,9,2
37,1,119,19,2
27,1,56,0,2
22,1,96,13,2
30,1,56,12,2
53,1,78,14,2
45,1,145,17,2
20,1,135,16,2
53,1,88,7,2
60,1,123,4,2
52,1,148,3,2
40,1,112,6,2
43,1,133,13,2
22,1,67,9,2
27,1,61,3,2
27,1,88,8,2
49,1,99,15,2
24,1,120,16,2
56,1,59,20,2
24,1,53,18,2
28,1,99,9,2
41,1,88,3,2
58,1,85,21,2
32,1,114,9,2
28,1,101,12,2
35,1,64,6,2
54,1,110,7,2
37,1,71,3,2
31,1,124,1,2
28,1,147,14,2
48,1,116,4,2
22,1,120,16,2
26,1,125,2,2
21,1,105,4,2
58,1,125,19,2
48,1,135,7,2
44,1,117,8,2
42,1,84,18,2
34,1,96,21,2
51,1,117,11,2
39,1,51,3,2
51,1,134,23,2
46,1,81,18,2
20,1,55,19,2
44,1,83,6,2
58,1,130,18,2
45,1,125,18,2
29,1,132,10,2
49,1,130,2,2
53,1,105,10,2
28,1,108,22,2
57,1,75,13,2
33,1,135,12,2
21,1,126,21,2
45,1,148,21,2
26,1,115,22,2
47,1,100,18,2
21,1,52,2,2
31,1,128,9,2
29,1,105,4,2
23,1,76,22,2
49,1,84,19,2
52,1,51,11,2
41,1,50,23,2
56,1,89,6,2
46,1,63,9,2
57,1,67,5,2
47,1,50,19,2
46,1,140,0,2
59,1,77,7,2
55,1,86,14,2
37,1,145,23,2
38,1,124,7,2
58,1,94,21,2
24,1,97,0,2
44,1,126,23,2
46,1,112,1,2
50,1,106,21,2
43,1,131,6,2
24,1,67,21,2
58,1,144,15,2
58,1,126,7,2
31,1,72,22,2
32,1,131,3,2
43,1,143,0,2
57,1,64,5,2
60,1,98,18,2
30,1,76,14,2
27,1,113,0,2
56,1,103,21,2
57,1,82,22,2
42,1,55,2,2
59,1,146,2,2
53,1,58,20,2
21,1,98,0,2
44,1,53,7,2
21,1,150,7,2
42,1,135,10,2
54,1,51,9,2
35,1,55,10,2
39,1,146,13,2
60,1,100,12,2
41,1,79,17,2
22,1,109,13,2
53,1,150,19,2
55,1,90,8,2
22,1,138,19,2
32,1,71,21,2
30,1,58,12,2
42,1,91,12,2
48,1,58,4,2
34,1,141,5,2
23,1,147,6,2
39,1,108,7,2
40,1,140,4,2
45,1,64,15,2
50,1,60,21,2
34,1,57,10,2
51,1,146,10,2
29,1,90,10,2
30,1,113,14,2
27,1,92,2,2
21,1,79,0,2
57,1,143,17,2
22,1,50,11,2
45,1,109,15,2
21,1,78,10,2
21,1,90,11,2
39,1,118,2,2
37,1,83,6,2
52,1,138,20,2
57,1,129,20,2
26,1,64,7,2
51,1,66,12,2
60,1,144,23,2
29,1,97,9,2
55,1,104,15,2
26,1,115,6,2
28,1,116,10,2
46,1,120,16,2
29,1,52,8,2
36,1,126,22,2
52,1,83,0,2
30,1,141,0,2
56,1,95,8,2
26,1,101,22,2
60,1,117,15,2
52,1,66,17,2
24,1,113,3,2
42,1,122,13,2
81,38,244,17,3
81,32,165,14,3
48,15,146,21,3
56,43,252,21,3
84,30,110,3,3
69,18,238,8,3
91,46,109,17,3
77,25,110,16,3
96,38,290,18,3
86,16,264,13,3
93,42,138,4,3
46,39,258,5,3
69,19,120,11,3
42,17,126,8,3
77,42,134,10,3
90,16,163,21,3
65,49,197,6,3
57,25,215,14,3
57,19,122,22,3
69,17,149,16,3
40,41,105,22,3
64,16,208,0,3
45,45,148,1,3
43,41,294,3,3
82,38,209,12,3
47,32,282,12,3
46,40,179,23,3
68,43,294,22,3
68,20,224,9,3
53,36,295,12,3
75,38,219,5,3
73,45,269,1,3
50,50,160,1,3
40,18,104,13,3
88,28,120,13,3
47,40,144,23,3
88,44,113,6,3
82,16,160,0,3
91,18,275,18,3
73,43,202,16,3
66,29,192,2,3
46,43,127,8,3
84,50,155,23,3
77,32,196,4,3
56,25,181,1,3
51,20,261,5,3
73,47,111,3,3
73,50,138,20,3
55,49,275,19,3
79,21,223,2,3
75,31,132,6,3
83,25,283,23,3
63,42,243,11,3
79,46,186,5,3
59,37,118,19,3
64,18,159,18,3
63,26,300,10,3
80,16,245,18,3
58,17,153,2,3
74,34,256,17,3
58,25,184,20,3
77,29,245,14,3
100,48,182,19,3
67,46,160,16,3
86,29,257,6,3
88,28,153,8,3
41,50,199,15,3
51,31,203,9,3
89,41,145,0,3
88,28,223,12,3
69,15,254,10,3
62,49,114,9,3
100,42,120,14,3
54,16,203,20,3
79,42,168,18,3
80,50,120,10,3
85,30,175,15,3
96,46,205,8,3
80,21,117,3,3
81,38,144,16,3
42,46,210,19,3
94,36,108,21,3
65,26,227,11,3
98,29,249,1,3
72,46,211,9,3
72,28,130,10,3
64,27,276,21,3
82,25,254,7,3
99,15,238,14,3
77,26,211,10,3
72,48,239,3,3
77,45,127,15,3
70,36,234,8,3
98,44,268,16,3
42,20,188,17,3
74,30,245,12,3
68,45,202,17,3
75,43,158,6,3
43,15,231,2,3
69,36,268,6,3
75,38,191,21,3
74,29,261,9,3
61,23,253,6,3
56,25,145,8,3
65,29,263,16,3
81,32,110,4,3
43,34,107,7,3
51,30,114,16,3
71,26,271,23,3
88,16,258,5,3
90,35,111,22,3
77,36,117,17,3
41,48,161,1,3
62,21,277,3,3
62,25,202,10,3
72,49,189,11,3
63,37,290,11,3
97,27,245,20,3
48,15,151,9,3
82,30,287,10,3
88,20,282,13,3
76,25,247,15,3
82,45,205,22,3
49,17,113,11,3
65,38,107,9,3
81,28,138,10,3
63,25,251,20,3
47,40,156,2,3
84,26,298,4,3
68,35,175,15,3
55,18,260,17,3
93,41,122,14,3
71,20,298,21,3
53,47,271,4,3
58,20,121,7,3
41,30,132,17,3
68,32,209,14,3
69,40,266,19,3
53,19,285,7,3
64,37,244,13,3
69,21,219,3,3
72,33,121,12,3
80,28,298,12,3
88,33,240,14,3
67,45,239,15,3
59,26,158,0,3
70,21,216,4,3
84,18,154,3,3
72,26,106,4,3
76,43,247,12,3
69,30,232,1,3
42,21,266,12,3
77,32,158,4,3
47,38,272,11,3
46,25,202,14,3
90,34,129,19,3
75,22,152,8,3
54,21,207,11,3
75,49,189,20,3
82,17,273,12,3
54,50,241,23,3
56,32,157,5,3
44,48,113,6,3
93,34,288,12,3
59,28,155,23,3
55,27,260,6,3
65,41,236,3,3
71,33,141,0,3
89,48,295,22,3
84,36,298,11,3
40,45,230,11,3
86,38,288,7,3
95,34,278,5,3
49,47,211,5,3
100,25,101,4,3
81,33,259,18,3
40,50,247,11,3
54,25,157,6,3
77,33,231,1,3
81,21,216,23,3
83,17,244,23,3
76,39,104,15,3
44,43,249,11,3
93,33,163,15,3
48,47,282,7,3
82,29,196,20,3
46,32,185,16,3
78,23,239,23,3
51,41,130,13,3
65,22,199,21,3
57,17,137,20,3
89,17,295,5,3
69,38,155,4,3
50,21,183,23,3
67,19,150,21,3
45,32,166,20,3
48,15,277,0,3
56,44,120,11,3
63,27,189,12,3
47,22,110,7,3
91,25,116,0,3
73,33,162,16,3
90,43,218,13,3
100,30,219,7,3
63,21,166,18,3
75,49,142,6,3
89,26,136,21,3
56,27,130,22,3
52,38,127,12,3
45,18,271,18,3
93,41,114,2,3
75,37,164,15,3
68,39,213,8,3
98,34,132,6,3
87,45,249,1,3
48,26,196,1,3
98,44,205,15,3
65,31,240,9,3
88,41,226,3,3
73,21,107,6,3
50,41,189,4,3
55,35,237,6,3
92,31,271,9,3
48,23,238,4,3
74,20,260,23,3
86,50,262,21,3
73,18,272,4,3
53,26,117,11,3
67,30,299,0,3
91,44,181,5,3
85,45,276,2,3
61,17,285,23,3
75,19,108,11,3
60,31,259,10,3
95,18,238,10,3
70,41,218,18,3
62,26,186,23,3
99,47,220,0,3
93,31,119,11,3
63,35,202,8,3
78,44,198,17,3
67,37,296,20,3
95,32,271,0,3
59,21,273,18,3
76,43,236,20,3
93,24,202,9,3
56,28,132,14,3
73,29,263,14,3
54,15,122,15,3
76,49,175,15,3
63,36,277,14,3
79,15,199,7,3
52,50,180,8,3
57,45,146,8,3
84,32,231,3,3
44,36,262,15,3
64,39,171,6,3
80,36,284,18,3
64,26,289,14,3
85,39,156,19,3
68,29,191,17,3
60,24,138,9,3
67,18,128,14,3
90,43,150,11,3
98,19,218,0,3
48,37,113,16,3
79,35,190,23,3
79,19,240,9,3
77,25,147,2,3
99,42,299,14,3
61,34,232,12,3
58,44,241,22,3
58,26,101,21,3
67,48,149,2,3
89,50,233,18,3
97,49,152,15,3
40,38,192,20,3
51,48,187,6,3
57,16,258,23,3
49,39,298,3,3
58,18,101,19,3
86,17,166,11,3
45,20,194,19,3
74,24,249,17,3
85,20,245,5,3
82,29,294,10,3
70,18,107,10,3
60,33,169,6,3
66,41,163,18,3
83,23,199,2,3
41,34,113,4,3
78,46,249,0,3
79,27,100,0,3
45,28,186,23,3
70,49,140,19,3
54,44,153,14,3
86,48,193,8,3
97,48,134,5,3
71,32,123,14,3
89,32,291,18,3
93,29,261,11,3
80,19,250,0,3
70,38,154,11,3
42,45,245,16,3
88,25,268,1,3
81,25,259,16,3
89,41,269,9,3
76,40,259,23,3
52,39,193,6,3
45,33,238,3,3
40,39,283,17,3
44,29,217,2,3
67,44,121,15,3
96,31,256,4,3
91,49,270,11,3
79,36,245,9,3
77,16,103,12,3
43,33,120,1,3
100,34,189,19,3
64,34,122,11,3
97,25,104,13,3
44,18,152,13,3
90,26,218,5,3
78,38,134,9,3
79,26,264,12,3
54,28,116,23,3
92,50,163,22,3
62,38,159,15,3
69,37,118,20,3
79,22,179,3,3
50,45,225,18,3
62,20,148,18,3
69,30,142,3,3
88,28,156,20,3
73,19,147,1,3
88,18,192,0,3
64,17,297,10,3
81,22,135,12,3
41,26,277,7,3
45,23,198,14,3
99,37,236,22,3
86,48,230,0,3
54,31,216,21,3
81,37,250,21,3
76,25,261,23,3
72,20,247,4,3
98,34,191,16,3
68,49,138,10,3
68,38,139,16,3
49,31,215,18,3
62,48,175,16,3
68,39,173,15,3
88,41,122,20,3
82,50,206,5,3
62,37,193,18,3
96,46,154,11,3
80,38,239,21,3
69,15,190,22,3
76,46,279,4,3
51,33,202,19,3
43,37,235,13,3
70,16,172,3,3
62,20,111,18,3
54,15,117,3,3
42,18,136,17,3
65,31,162,17,3
53,23,221,1,3
45,27,161,16,3
90,23,121,16,3
49,40,222,5,3
95,31,255,12,3
73,47,221,12,3
92,25,279,5,3
91,44,164,17,3
98,36,182,23,3
98,21,266,3,3
91,18,224,23,3
83,34,203,2,3
70,46,292,4,3
77,27,112,20,3
95,36,218,15,3
40,27,272,4,3
96,47,278,11,3
79,48,281,22,3
53,47,138,14,3
86,28,157,23,3
62,20,257,4,3
93,34,254,6,3
58,28,268,10,3
60,40,227,13,3
77,35,186,6,3
72,24,123,16,3
52,17,261,8,3
70,23,178,13,3
60,46,237,14,3
88,29,297,18,3
53,30,189,14,3
92,44,140,18,3
94,41,283,9,3
78,31,270,6,3
60,33,247,0,3
79,48,187,9,3
48,24,246,15,3
60,50,163,4,3
99,36,248,15,3
87,48,133,18,3
43,49,283,4,3
63,32,224,5,3
80,30,238,4,3
83,37,267,5,3
82,17,108,12,3
77,50,175,18,3
40,35,192,4,3
66,37,214,2,3
46,20,174,11,3
96,35,121,12,3
59,46,118,18,3
63,47,138,6,3
89,24,192,23,3
83,40,281,5,3
83,28,165,8,3
78,36,259,11,3
45,34,150,4,3
89,23,169,17,3
72,27,254,5,3
44,18,293,0,3
87,26,124,21,3
53,24,293,14,3
100,39,210,17,3
42,25,187,22,3
82,38,185,18,3
97,45,148,21,3
85,19,135,19,3
72,33,262,10,3
98,48,210,19,3
67,25,277,17,3
53,44,192,14,3
91,45,284,1,3
98,27,117,15,3
88,21,294,13,3
66,40,277,12,3
99,45,272,5,3
78,42,124,17,3
45,24,123,1,3
82,37,117,23,3
70,17,251,5,3
62,34,146,11,3
63,33,148,19,3
58,44,225,15,3
74,44,142,0,3
95,46,150,23,3
68,21,152,4,3
59,18,118,17,3
50,43,137,22,3
77,48,204,20,3
88,46,183,23,3
87,37,219,19,3
67,31,117,22,3
69,27,291,3,3
65,27,277,1,3
67,31,102,13,3
84,20,129,16,3
95,50,296,15,3
61,19,153,15,3
61,35,184,23,3
83,21,174,4,3
83,38,163,14,3
58,30,154,1,3
47,30,184,2,3
98,28,115,12,3
94,40,249,12,3
66,39,107,19,3
88,41,118,9,3
45,39,250,1,3
58,49,248,0,3
67,33,130,10,3
82,47,298,22,3
44,29,150,5,3
54,28,224,17,3
90,43,247,10,3
79,34,173,16,3
100,45,232,1,3
85,45,122,0,3
59,27,161,2,3
85,15,128,0,3
55,20,142,7,3
70,34,299,10,3
82,15,281,7,3
82,42,146,0,3
64,35,114,1,3
41,23,238,22,3
48,35,270,17,3
75,32,300,21,3
82,23,248,17,3
96,31,253,21,3
71,47,130,16,3
98,15,190,11,3
67,49,103,19,3
88,22,217,10,3
68,47,245,0,3
56,17,199,15,3
63,20,161,5,3
47,33,281,2,3
76,36,232,21,3
51,44,256,22,3
57,49,289,15,3
97,41,183,9,3
99,42,258,4,3
59,44,233,6,3
78,49,238,2,3
64,49,180,5,3
64,17,243,19,3
49,41,180,11,3
75,48,129,15,3
66,35,219,5,3
42,27,200,12,3
64,21,128,19,3
49,46,256,15,3
81,18,221,8,3
59,34,158,16,3
77,17,255,23,3
97,30,209,12,3
79,50,192,15,3
46,42,138,15,3
74,36,244,12,3
73,50,144,12,3
95,35,228,0,3
57,19,227,14,3
90,36,113,20,3
50,32,286,7,3
73,25,128,6,3
40,29,268,12,3
97,16,275,0,3
100,46,179,10,3
62,27,266,9,3
85,23,236,15,3
99,48,292,23,3
82,31,104,12,3
47,16,279,17,3
94,50,213,21,3
40,32,140,19,3
92,21,244,2,3
95,26,162,3,3
88,19,185,17,3
58,40,223,22,3
75,41,195,5,3
62,33,270,3,3
40,20,120,0,3
66,28,291,19,3
68,26,145,0,3
73,35,292,3,3
50,46,115,14,3
79,15,284,1,3
67,34,259,14,3
77,27,261,23,3
58,18,101,6,3
59,31,180,3,3
54,37,114,6,3
48,44,168,5,3
94,40,224,3,3
100,35,200,8,3
57,31,154,5,3
59,18,261,22,3
61,50,299,13,3
69,45,150,9,3
50,21,184,23,3
49,27,136,18,3
77,46,247,10,3
92,46,176,12,3
48,26,295,13,3
41,29,187,22,3
41,16,120,5,3
57,26,173,17,3
65,48,100,22,3
77,26,112,16,3
87,26,107,7,3
58,34,220,8,3
51,34,270,5,3
62,34,170,7,3
52,31,235,12,3
78,37,241,23,3
87,40,218,5,3
57,33,203,22,3
61,36,282,7,3
93,48,132,9,3
79,28,241,0,3
63,32,228,21,3
50,35,204,21,3
82,15,232,3,3
67,37,212,0,3
71,18,223,9,3
61,49,188,20,3
99,21,158,18,3
72,50,285,16,3
86,48,215,17,3
68,49,106,3,3
100,31,284,4,3
84,46,291,16,3
55,28,173,6,3
45,24,156,4,3
42,26,287,23,3
47,38,162,22,3
94,42,266,14,3
92,31,247,17,3
76,32,137,16,3
49,38,283,13,3
77,35,144,14,3
41,50,157,20,3
86,38,186,0,3
64,38,244,5,3
61,24,180,14,3
93,43,223,20,3
94,17,102,23,3
60,17,218,4,3
85,33,228,21,3
60,36,177,0,3
57,42,287,22,3
56,20,207,2,3
45,25,265,11,3
60,33,196,10,3
40,43,112,15,3
60,31,251,10,3
80,34,214,4,3
78,17,191,19,3
84,34,174,15,3
96,26,180,8,3
42,38,162,9,3
58,17,289,9,3
40,21,108,4,3
68,22,158,21,3
50,43,115,0,3
43,43,252,11,3
43,31,255,21,3
100,16,106,5,3
50,42,176,10,3
75,49,218,19,3
99,31,160,10,3
44,43,158,14,3
82,15,251,10,3
99,43,143,6,3
86,45,255,2,3
87,19,214,10,3
57,15,192,1,3
95,50,154,13,3
60,43,182,9,3
78,45,273,18,3
44,24,181,20,3
70,26,172,13,3
57,32,235,19,3
80,23,112,8,3
75,30,194,9,3
52,28,144,10,3
68,35,191,22,3
81,40,220,1,3
44,48,222,5,3
50,41,142,10,3
50,24,186,12,3
59,49,250,18,3
78,26,127,9,3
85,49,233,20,3
52,46,122,19,3
60,32,245,9,3
84,44,291,6,3
57,24,224,14,3
80,28,244,11,3
82,18,285,15,3
71,31,256,18,3
89,31,160,8,3
77,26,262,8,3
100,26,188,20,3
51,35,224,20,3
41,32,276,4,3
74,31,106,18,3
93,18,236,12,3
40,19,127,5,3
90,49,217,4,3
41,39,174,11,3
72,49,297,0,3
46,42,228,21,3
54,36,193,13,3
51,44,264,7,3
73,40,189,9,3
65,23,272,10,3
46,25,131,14,3
91,43,105,15,3
54,16,131,10,3
53,41,137,13,3
72,42,181,10,3
93,30,162,2,3
95,20,279,5,3
55,32,236,9,3
77,27,120,17,3
80,15,263,17,3
61,20,185,23,3
88,18,198,12,3
89,35,248,17,3
74,31,159,1,3
42,27,264,11,3
65,45,192,1,3
98,39,227,23,3
48,41,100,22,3
85,39,249,7,3
80,29,239,12,3
83,40,155,20,3
93,47,222,16,3
82,26,253,20,3
71,20,231,12,3
56,27,241,23,3
68,25,178,21,3
52,40,144,13,3
86,39,134,0,3
57,15,133,15,3
66,22,204,19,3
69,16,160,11,3
66,32,226,13,3
85,43,220,23,3
40,15,125,13,3
91,49,270,4,3
67,27,101,16,3
59,49,144,7,3
49,31,123,19,3
44,41,204,5,3
58,33,158,3,3
54,30,217,6,3
47,45,280,2,3
47,48,286,8,3
92,43,196,11,3
67,24,279,1,3
71,22,244,7,3
76,45,168,16,3
100,20,248,0,3
95,33,117,11,3
59,31,154,22,3
77,15,243,22,3
82,38,268,7,3
80,23,261,8,3
93,30,298,5,3
42,25,280,23,3
45,34,275,8,3
74,35,209,23,3
96,21,168,2,3
99,25,109,6,3
53,37,282,5,3
47,27,118,20,3
80,26,124,10,3
59,47,295,13,3
46,49,273,2,3
82,49,225,10,3
52,33,198,11,3
97,45,113,7,3
95,19,123,0,3
61,21,243,12,3
70,27,264,15,3
84,17,226,20,3
99,32,229,0,3
67,44,237,13,3
43,31,235,17,3
41,49,156,2,3
91,16,187,8,3
41,44,300,23,3
43,17,266,0,3
67,17,212,22,3
95,32,185,5,3
82,20,112,20,3
79,35,143,4,3
65,45,153,17,3
94,36,244,17,3
59,40,212,2,3
91,25,226,17,3
70,45,155,11,3
96,15,121,11,3
82,41,234,4,3
57,43,191,22,3
61,25,120,11,3
58,21,173,16,3
49,41,288,5,3
94,24,218,20,3
85,47,203,14,3
95,41,133,18,3
89,22,146,18,3
69,27,286,15,3
78,46,209,3,3
66,42,140,23,3
100,15,258,0,3
42,37,117,4,3
76,48,105,9,3
82,30,119,17,3
53,27,100,20,3
79,35,253,0,3
59,20,153,21,3
52,17,198,20,3
95,31,134,9,3
64,35,169,22,3
50,36,112,18,3
53,37,144,15,3
61,20,237,19,3
81,49,162,15,3
70,44,238,12,3
68,49,115,16,3
63,15,264,16,3
63,26,177,9,3
49,17,161,17,3
94,36,109,21,3
56,18,293,18,3
75,31,244,9,3
60,27,232,12,3
45,44,230,5,3
41,49,132,6,3
73,50,196,0,3
46,44,139,1,3
96,19,211,12,3
76,34,231,17,3
92,48,253,17,3
83,42,185,3,3
54,16,266,13,3
77,42,207,20,3
61,39,228,11,3
64,34,135,21,3
94,50,299,19,3
99,40,218,20,3
65,38,151,12,3
67,25,172,1,3
95,36,175,6,3
77,39,117,12,3
94,37,165,4,3
48,34,150,1,3
68,38,213,5,3
41,25,283,14,3
76,24,211,10,3
78,30,121,5,3
100,28,127,6,3
40,20,126,23,3
52,18,252,2,3
57,49,121,17,3
89,45,157,19,3
96,30,165,14,3
69,38,188,5,3
58,23,211,22,3
90,46,297,11,3
52,31,273,20,3
63,44,189,20,3
71,39,173,19,3
96,24,242,4,3
61,18,258,4,3
85,22,274,15,3
94,45,261,20,3
55,15,142,11,3
56,28,166,6,3
92,42,225,15,3
86,49,206,22,3
50,33,297,4,3
94,19,186,22,3
80,24,291,2,3
71,27,299,2,3
68,16,218,13,3
48,26,116,8,3
94,38,232,6,3
69,41,167,7,3
78,26,230,8,3
49,21,282,10,3
87,29,182,4,3
95,37,158,18,3
67,20,158,8,3
63,26,295,12,3
58,27,237,3,3
82,46,115,12,3
51,21,108,18,3
81,34,119,3,3
76,43,247,2,3
67,24,118,2,3
81,27,228,17,3
51,49,234,4,3
59,15,298,17,3
55,36,105,8,3
42,18,210,20,3
46,29,293,19,3
77,16,248,2,3
97,48,132,18,3
66,28,198,9,3
50,22,114,2,3
99,17,287,13,3
66,21,192,7,3
52,42,238,0,3
81,23,134,22,3
70,42,130,8,3
90,24,200,12,3
79,34,141,20,3
72,39,175,13,3
99,41,288,1,3
62,24,166,8,3
82,17,217,3,3
62,41,172,22,3
97,44,133,22,3
93,31,149,21,3
97,37,290,6,3
99,42,139,15,3
59,34,248,14,3
61,19,141,17,3
88,22,236,19,3
68,29,300,6,3
44,45,262,5,3
45,35,221,14,3
73,49,147,6,3
51,28,122,16,3
77,46,137,16,3
100,45,113,14,3
53,33,136,1,3
52,46,188,15,3
80,34,219,11,3
82,48,208,16,3
61,31,160,11,3
51,34,163,23,3
88,21,298,23,3
83,42,104,1,3
65,41,241,21,3
64,28,191,19,3
62,47,284,19,3
66,50,271,15,3
86,28,253,13,3
99,45,294,12,3
69,38,273,20,3
66,41,193,14,3
100,29,253,8,3
92,19,232,22,3
79,46,211,19,3
87,42,131,6,3
97,18,117,18,3
70,46,141,11,3
65,15,223,11,3
90,46,232,3,3
54,21,209,7,3
71,36,164,15,3
41,24,296,7,3
42,25,113,7,3
75,18,194,6,3
69,46,257,19,3
65,24,143,20,3
71,49,295,9,3
80,15,226,21,3
68,18,119,18,3
58,15,127,0,3
68,42,211,11,3
90,39,134,8,3
85,49,184,16,3
86,26,104,5,3
84,23,272,21,3
53,36,102,8,3
44,23,127,19,3
92,40,219,2,3
86,46,283,2,3
92,21,246,3,3
99,16,133,10,3
73,41,229,2,3
72,42,202,7,3
63,18,266,15,3
45,28,176,9,3
48,15,114,9,3
45,45,265,12,3
50,25,112,18,3
77,22,133,21,3
51,48,199,18,3
61,34,277,17,3
79,16,256,19,3
63,38,192,15,3
44,42,101,5,3
65,38,104,23,3
74,46,179,19,3
98,28,212,23,3
45,20,153,20,3
95,15,136,5,3
94,38,142,17,3
62,27,235,9,3
43,41,259,13,3
74,46,165,17,3
69,23,281,11,3
55,19,115,16,3
40,20,114,17,3
97,19,223,1,3
51,30,148,4,3
68,46,190,4,3
53,41,250,14,3
81,24,152,10,3
53,49,110,6,3
76,32,254,21,3
93,41,231,16,3
88,15,204,4,3
84,15,194,1,3
62,15,178,11,3
56,43,252,20,3
88,24,236,14,3
83,21,267,14,3
47,47,204,12,3
95,21,245,9,3
81,34,165,16,3
94,47,273,1,3
83,21,109,2,3
58,46,226,15,3
54,17,249,15,3
67,49,265,21,3
59,17,142,15,3
78,27,142,19,3
82,43,137,9,3
83,47,146,12,3
60,26,141,8,3
84,30,128,17,3
88,38,117,17,3
84,34,163,16,3
99,20,290,9,3
54,35,157,7,3
63,16,242,3,3
84,45,263,10,3
43,30,140,15,3
67,32,198,21,3
43,21,207,17,3
99,44,219,9,3
42,18,287,14,3
77,31,283,18,3
93,22,237,1,3
70,46,129,1,3
56,15,112,9,3
43,32,209,8,3
84,47,105,9,3
61,17,187,4,3
90,22,149,8,3
63,47,131,0,3
71,47,239,8,3
75,38,193,21,3
54,25,284,12,3
65,26,154,21,3
100,20,192,18,3
95,22,222,19,3
66,38,265,0,3
55,35,247,18,3
45,16,242,12,3
65,49,276,23,3
70,44,218,10,3
95,43,118,6,3
97,15,136,20,3
65,43,283,7,3
51,16,119,4,3
63,23,148,3,3
57,38,267,1,3
43,31,259,5,3
60,26,115,8,3
46,45,165,1,3
100,37,261,0,3
94,21,129,10,3
86,48,255,17,3
54,39,273,1,3
96,17,237,9,3
79,41,280,12,3
57,44,119,1,3
81,27,106,11,3
74,30,156,19,3
70,50,105,3,3
89,23,183,20,3
80,29,183,19,3
92,50,255,5,3
99,31,287,10,3
71,38,228,9,3
41,22,146,10,3
49,37,270,1,3
45,45,169,7,3
42,44,246,16,3
59,43,151,5,3
73,26,226,22,3
82,23,136,23,3
45,41,220,5,3
48,46,256,0,3
82,33,286,7,3
66,19,278,5,3
60,32,282,18,3
93,32,214,0,3
87,41,248,2,3
66,40,127,2,3
79,45,262,8,3
45,32,109,1,3
70,42,136,19,3
83,18,248,5,3
70,24,178,1,3
57,46,153,0,3
52,29,105,20,3
42,40,211,18,3
86,16,296,4,3
61,50,226,17,3
87,26,174,21,3
62,36,189,22,3
69,26,212,20,3
46,22,286,13,3
59,39,258,1,3
85,45,269,21,3
84,22,188,14,3
87,16,187,20,3
43,39,174,22,3
95,20,134,4,3
96,42,238,17,3
44,21,125,13,3
45,37,226,6,3
79,37,150,17,3
51,30,105,4,3
84,15,106,12,3
73,16,191,11,3
89,15,135,1,3
42,18,237,22,3
78,42,264,0,3
59,35,115,23,3
50,41,198,16,3
68,24,137,7,3
43,23,267,5,3
92,23,221,8,3
53,37,103,4,3
77,22,208,5,3
47,25,275,6,3
51,27,180,2,3
66,32,191,6,3
48,37,176,0,3
68,35,130,4,3
40,50,228,1,3
54,28,179,10,3
87,42,185,11,3
86,24,169,7,3
60,46,181,11,3
46,22,224,14,3
90,29,112,23,3
88,45,116,23,3
44,41,118,20,3
42,23,194,10,3
61,22,287,3,3
56,37,212,23,3
49,41,289,8,3
60,20,138,15,3
63,29,271,14,3
70,48,279,7,3
100,24,133,23,3
73,43,216,7,3
45,47,168,23,3
70,31,137,11,3
41,48,258,6,3
44,16,274,2,3
86,50,268,16,3
49,30,168,4,3
40,47,116,7,3
69,49,167,23,3
51,15,143,21,3
52,19,156,20,3
48,43,168,5,3
48,31,293,10,3
71,33,239,15,3
70,27,253,2,3
88,32,136,20,3
89,23,257,18,3
51,36,293,18,3
89,39,130,19,3
84,29,285,21,3
82,45,193,2,3
52,24,295,20,3
48,27,185,7,3
62,15,283,10,3
92,16,194,20,3
53,35,297,2,3
56,17,104,3,3
81,42,260,15,3
89,29,293,7,3
79,49,194,8,3
94,40,277,15,3
47,16,284,10,3
46,21,296,5,3
92,33,164,7,3
85,48,279,11,3
69,46,143,6,3
93,36,155,16,3
83,18,241,22,3
69,41,213,9,3
73,50,263,15,3
82,48,145,21,3
51,17,207,19,3
45,28,277,1,3
80,43,299,6,3
59,23,242,17,3
87,42,272,15,3
60,46,279,14,3
55,17,143,3,3
60,21,285,20,3
46,44,106,7,3
54,47,275,16,3
45,29,142,3,3
73,43,122,20,3
97,50,153,8,3
99,19,284,8,3
74,23,144,10,3
100,33,151,20,3
56,32,204,16,3
81,46,285,1,3
45,16,131,15,3
53,29,279,9,3
75,47,132,17,3
73,40,110,23,3
59,33,237,22,3
42,46,206,23,3
67,16,141,17,3
71,24,241,4,3
81,31,175,7,3
64,37,183,21,3
73,32,294,4,3
84,24,274,13,3
85,35,103,11,3
61,22,227,6,3
84,26,158,15,3
63,39,232,20,3
58,15,221,17,3
95,23,267,14,3
62,35,155,17,3
58,15,250,12,3
61,23,282,1,3
96,15,254,14,3
63,48,251,4,3
100,38,165,22,3
76,40,281,8,3
84,26,131,3,3
53,35,257,1,3
94,29,243,9,3
83,49,163,21,3
90,40,213,12,3
91,49,113,18,3
99,50,144,16,3
64,39,110,6,3
95,45,174,14,3
51,22,219,0,3
83,31,253,12,3
62,31,179,20,3
61,31,265,15,3
73,29,289,18,3
97,28,245,21,3
48,46,216,10,3
52,30,299,6,3
99,33,139,17,3
75,31,213,16,3
49,18,278,7,3
94,33,161,23,3
68,20,246,0,3
85,26,239,16,3
44,38,171,21,3
50,33,292,11,3
75,28,204,1,3
72,35,298,21,3
68,38,215,7,3
87,46,247,22,3
44,15,189,23,3
52,15,287,19,3
94,29,153,7,3
78,38,206,22,3
73,22,207,0,3
87,50,208,17,3
42,45,178,22,3
93,20,184,0,3
93,45,142,4,3
69,33,289,6,3
63,49,127,1,3
98,48,245,4,3
80,18,254,14,3
64,22,175,21,3
67,26,234,15,3
52,45,146,18,3
73,17,241,5,3
95,33,196,6,3
57,41,217,15,3
86,41,249,9,3
53,49,144,6,3
66,21,284,11,3
79,39,157,11,3
95,44,131,22,3
100,33,231,8,3
52,35,249,20,3
62,49,128,1,3
55,22,251,7,3
56,49,254,12,3
46,15,266,12,3
61,34,191,21,3
53,18,111,17,3
63,32,210,11,3
44,44,115,13,3
73,38,113,20,3
72,15,267,5,3
77,26,289,22,3
86,25,268,11,3
43,45,249,1,3
75,34,202,21,3
52,47,235,15,3
53,17,201,10,3
87,36,137,19,3
87,30,224,9,3
76,29,137,17,3
66,48,208,12,3
51,47,165,19,3
93,38,141,9,3
47,32,284,7,3
43,26,168,23,3
47,36,204,15,3
45,28,216,12,3
52,47,155,20,3
95,29,253,6,3
85,42,209,11,3
55,26,241,22,3
72,32,117,13,3
46,41,233,18,3
86,37,177,8,3
47,35,236,16,3
76,29,111,5,3
62,36,252,18,3
48,40,296,11,3
54,49,238,21,3
72,47,281,2,3
56,27,204,16,3
41,47,162,8,3
93,18,268,10,3
47,33,154,13,3
86,39,197,23,3
48,31,140,8,3
86,27,207,6,3
40,27,104,23,3
90,44,205,18,3
70,41,101,10,3
84,31,108,8,3
59,42,275,7,3
95,31,297,14,3
86,38,283,21,3
85,20,298,17,3
92,35,240,10,3
96,46,203,2,3
46,31,123,19,3
63,33,235,18,3
55,22,237,22,3
59,43,206,15,3
66,33,212,18,3
85,29,269,13,3
73,22,144,14,3
100,39,231,20,3
99,41,167,2,3
52,21,168,0,3
95,29,162,18,3
62,25,287,1,3
96,45,150,15,3
48,21,242,19,3
96,15,156,21,3
63,28,188,17,3
83,29,270,2,3
60,37,171,15,3
57,25,151,16,3
81,26,152,7,3
75,32,293,2,3
61,37,255,7,3
95,40,143,2,3
64,37,209,3,3
85,34,274,1,3
63,19,289,20,3
72,33,287,13,3
66,18,295,12,3
71,27,107,19,3
52,47,243,5,3
70,36,168,14,3
96,50,262,20,3
87,46,145,18,3
97,25,157,19,3
92,27,147,21,3
67,24,122,3,3
58,21,251,8,3
61,25,212,21,3
63,33,105,18,3
91,50,273,21,3
95,41,238,2,3
67,44,250,14,3
99,16,223,14,3
95,43,186,3,3
99,26,258,6,3
88,48,203,15,3
67,34,245,22,3
75,34,229,16,3
54,22,250,2,3
95,24,130,13,3
73,30,198,11,3
83,41,125,6,3
43,23,179,10,3
62,34,290,8,3
52,23,247,19,3
47,26,281,10,3
62,45,281,8,3
40,22,225,13,3
82,31,175,7,3
73,20,265,1,3
77,42,222,1,3
65,25,271,0,3
77,28,299,4,3
56,46,106,18,3
72,32,285,10,3
76,33,298,23,3
68,34,125,10,3
89,31,216,4,3
61,30,156,17,3
55,39,194,6,3
65,19,201,10,3
41,21,252,13,3
94,29,251,14,3
55,32,134,22,3
89,18,136,20,3
84,38,186,6,3
80,16,112,13,3
74,36,219,18,3
61,18,293,23,3
92,24,135,0,3
48,48,130,8,3
81,43,206,7,3
87,33,202,11,3
73,49,103,4,3
57,32,152,0,3
60,27,295,10,3
54,47,245,21,3
83,45,130,23,3
64,40,248,5,3
96,41,212,1,3
90,25,102,17,3
73,48,284,23,3
97,26,233,6,3
93,16,153,12,3
96,44,277,13,3
87,42,105,5,3
62,42,131,6,3
46,41,228,5,3
93,37,216,17,3
57,17,204,10,3
83,37,136,14,3
80,29,122,6,3
90,50,147,22,3
93,25,208,19,3
84,15,147,22,3
63,34,137,17,3
58,35,125,20,3
81,33,255,20,3
46,17,263,2,3
60,44,154,1,3
53,36,225,3,3
48,15,151,22,3
88,46,194,23,3
92,32,238,7,3
94,25,248,14,3
89,26,152,19,3
59,40,147,15,3
72,49,190,21,3
41,16,195,5,3
72,37,141,3,3
47,48,142,10,3
98,33,297,6,3
93,34,211,20,3
46,26,102,3,3
71,30,189,16,3
66,44,147,19,3
72,38,295,9,3
80,43,264,8,3
89,41,155,11,3
43,41,179,4,3
82,25,163,4,3
68,48,114,15,3
49,24,195,18,3
73,30,162,7,3
46,33,144,14,3
49,49,257,3,3
61,21,154,20,3
59,45,135,12,3
44,20,201,10,3
89,21,170,8,3
56,39,131,7,3
41,29,104,17,3
95,40,169,18,3
47,20,293,8,3
44,22,245,4,3
76,31,289,8,3
60,37,139,14,3
98,17,220,12,3
53,33,204,15,3
99,50,239,7,3
56,15,234,20,3
45,35,225,21,3
60,45,216,19,3
76,39,138,20,3
56,30,267,7,3
82,25,157,23,3
71,31,296,19,3
74,41,143,4,3
97,41,275,19,3
73,24,285,14,3
51,48,251,22,3
49,44,179,8,3
49,19,215,3,3
63,23,296,17,3
95,34,295,16,3
82,37,167,20,3
83,35,231,5,3
41,42,229,22,3
81,15,239,12,3
95,42,156,22,3
79,43,269,10,3
44,22,244,1,3
49,36,169,9,3
71,18,131,18,3
44,36,229,12,3
48,41,237,11,3
65,48,256,12,3
94,20,158,9,3
86,50,269,8,3
95,47,277,11,3
45,48,293,4,3
45,41,229,22,3
69,15,232,11,3
78,27,184,16,3
80,28,253,17,3
87,48,217,17,3
68,48,288,8,3
70,45,185,16,3
82,27,161,5,3
40,40,295,3,3
64,35,236,19,3
58,21,124,23,3
42,17,139,9,3
70,25,156,4,3
86,21,132,23,3
60,45,102,20,3
98,37,283,10,3
81,47,277,1,3
83,17,140,23,3
44,26,281,8,3
66,27,188,3,3
40,19,264,5,3
42,50,168,0,3
59,25,234,17,3
67,48,275,13,3
65,44,194,5,3
98,40,293,21,3
72,34,288,20,3
84,25,108,8,3
52,30,234,20,3
84,45,167,16,3
58,40,166,13,3
56,48,136,6,3
50,26,193,6,3
63,22,260,1,3
100,40,266,5,3
67,16,131,11,3
80,48,152,8,3
97,39,142,1,3
52,33,292,14,3
77,39,190,18,3
95,22,219,20,3
86,15,215,1,3
74,30,168,21,3
100,32,192,14,3
87,42,157,7,3
87,38,273,13,3
69,27,195,16,3
47,19,288,6,3
94,32,161,1,3
46,32,258,0,3
93,28,118,2,3
96,30,111,18,3
92,26,171,16,3
97,20,293,7,3
52,30,115,8,3
83,44,239,23,3
75,19,148,15,3
46,27,208,19,3
62,22,256,16,3
45,39,159,10,3
67,32,226,8,3
95,49,113,15,3
66,20,204,8,3
98,47,130,18,3
64,36,290,4,3
78,38,144,13,3
51,32,184,11,3
57,35,182,19,3
83,33,154,20,3
90,40,262,18,3
82,42,240,5,3
44,23,193,15,3
59,31,259,23,3
74,34,127,3,3
79,22,193,17,3
48,28,234,3,3
49,17,178,4,3
92,25,263,23,3
87,35,195,17,3
87,31,283,12,3
74,19,264,18,3
46,43,126,5,3
69,44,165,18,3
84,42,151,11,3
69,35,300,6,3
45,30,219,15,3
40,16,285,12,3
66,49,181,19,3
74,34,261,7,3
72,21,182,2,3
67,26,122,3,3
71,24,231,20,3
85,44,229,18,3
56,37,284,8,3
67,38,115,9,3
78,23,129,22,3
49,25,287,0,3
81,48,289,8,3
82,34,265,5,3
60,45,159,19,3
82,40,162,17,3
100,25,124,6,3
50,39,115,3,3
93,19,228,20,3
64,49,207,23,3
58,34,146,21,3
76,43,115,4,3
59,46,269,17,3
87,37,215,13,3
62,25,122,0,3
77,19,196,16,3
73,47,278,20,3
46,33,163,9,3
79,31,152,16,3
61,41,188,20,3
49,47,128,4,3
100,28,130,17,3
76,16,194,19,3
90,25,263,8,3
73,45,138,23,3
89,21,222,15,3
48,47,195,5,3
47,26,298,21,3
50,16,127,7,3
51,37,118,15,3
97,47,187,19,3
98,44,120,17,3
64,19,279,12,3
48,43,283,15,3
81,43,286,6,3
71,37,152,12,3
86,44,242,22,3
82,30,281,0,3
89,20,196,22,3
70,35,270,5,3
50,40,195,6,3
90,39,233,9,3
77,49,245,16,3
87,28,146,13,3
86,43,300,1,3
57,43,231,22,3
46,27,243,2,3
47,47,240,3,3
93,48,129,18,3
89,22,158,22,3
45,16,256,10,3
96,48,216,21,3
58,26,213,10,3
62,37,252,23,3
66,47,249,12,3
84,22,137,12,3
85,32,107,23,3
69,30,285,5,3
64,37,143,5,3
67,39,238,16,3
70,49,126,21,3
73,21,165,21,3
100,31,178,1,3
43,39,286,13,3
75,33,253,21,3
73,41,237,3,3
54,49,237,17,3
45,39,267,10,3
59,37,117,21,3
87,50,206,13,3
47,29,204,19,3
100,46,110,4,3
57,42,238,6,3
86,27,281,2,3
80,25,210,3,3
86,24,138,11,3
94,15,276,5,3
91,24,264,0,3
41,17,222,22,3
48,30,211,15,3
57,39,300,8,3
97,48,230,21,3
84,40,296,19,3
66,43,263,0,3
85,42,115,10,3
80,50,296,12,3
80,32,285,5,3
82,29,168,6,3
83,46,181,17,3
49,25,257,14,3
59,36,170,11,3
91,19,247,15,3
54,29,176,12,3
46,34,116,20,3
72,24,199,1,3
51,27,263,19,3
76,25,247,4,3
56,24,215,23,3
80,25,283,17,3
67,24,113,22,3
85,44,287,17,3
63,21,116,18,3
95,16,283,15,3
77,30,269,11,3
79,47,140,13,3
68,18,152,3,3
61,21,197,0,3
89,29,254,9,3
45,17,198,2,3
93,23,178,15,3
76,20,285,20,3
72,25,297,12,3
57,19,158,9,3
72,41,184,21,3
44,38,237,3,3
49,41,254,14,3
66,24,245,21,3
47,27,111,20,3
93,29,233,3,3
56,40,149,23,3
59,32,122,22,3
61,42,205,15,3
78,31,272,13,3
54,17,242,5,3
46,40,184,13,3
58,35,162,7,3
66,19,115,3,3
82,38,115,22,3
89,21,184,6,3
94,16,164,21,3
81,25,137,17,3
87,39,109,3,3
89,43,158,23,3
72,31,137,7,3
42,37,154,10,3
50,45,118,22,3
64,38,292,2,3
63,18,268,12,3
57,25,157,15,3
94,21,288,6,3
84,50,272,5,3
76,31,267,1,3
99,30,259,21,3
50,31,271,20,3
56,17,226,12,3
40,37,131,4,3
71,21,232,17,3
88,34,133,17,3
74,24,129,6,3
46,42,153,0,3
45,40,292,3,3
54,35,132,15,3
95,36,184,2,3
90,47,183,12,3
40,19,251,7,3
79,31,210,20,3
63,17,140,23,3
93,19,284,18,3
52,18,251,19,3
75,45,232,15,3
94,36,269,8,3
54,32,100,21,3
75,32,194,14,3
43,17,275,21,3
48,16,119,9,3
84,23,186,7,3
49,47,150,21,3
46,21,201,15,3
47,49,147,6,3
80,21,260,12,3
40,21,174,7,3
59,19,211,16,3
68,38,113,2,3
86,31,125,9,3
99,29,230,20,3
98,25,296,6,3
91,18,141,17,3
91,25,169,6,3
75,33,253,21,3
79,28,101,12,3
51,28,137,7,3
40,48,234,22,3
80,30,167,9,3
69,26,289,19,3
79,27,148,15,3
84,41,123,6,3
41,46,166,8,3
48,34,219,11,3
54,43,187,11,3
63,22,266,14,3
75,22,213,0,3
42,35,110,23,3
72,44,238,5,3
43,22,256,15,3
81,33,105,18,3
87,42,285,8,3
99,43,127,6,3
50,46,139,22,3
50,28,217,11,3
69,21,161,18,3
89,22,236,5,3
56,35,205,3,3
96,19,279,22,3
60,39,193,2,3
80,19,187,7,3
41,17,226,13,3
70,33,117,11,3
84,30,274,4,3
95,26,229,7,3
49,31,220,7,3
85,17,189,14,3
97,36,284,14,3
71,44,120,16,3
61,44,147,17,3
95,23,145,21,3
98,25,256,9,3
71,49,211,4,3
99,25,174,11,3
56,23,167,20,3
52,26,244,22,3
61,43,162,2,3
48,24,290,19,3
93,23,248,18,3
99,45,239,4,3
56,27,129,8,3
45,40,257,18,3
53,39,205,10,3
63,19,186,9,3
88,30,283,5,3
80,48,130,22,3
52,50,150,2,3
94,18,123,23,3
58,35,133,14,3
66,37,174,3,3
69,35,174,18,3
77,26,226,8,3
61,31,245,2,3
60,41,192,13,3
45,29,115,1,3
84,16,281,10,3
49,46,132,9,3
53,50,218,16,3
83,39,167,21,3
64,48,275,20,3
94,22,195,0,3
80,42,229,12,3
72,44,128,11,3
96,40,116,14,3
89,16,257,5,3
69,42,226,13,3
43,23,220,22,3
56,17,277,20,3
63,38,204,5,3
62,30,200,11,3
90,16,293,20,3
91,30,178,6,3
46,50,189,17,3
86,44,107,5,3
42,46,226,4,3
94,38,229,17,3
67,43,276,16,3
86,40,132,8,3
96,34,208,18,3
79,29,108,15,3
52,26,107,3,3
76,15,190,1,3
53,43,198,1,3
97,26,121,20,3
62,33,148,17,3
61,45,171,8,3
49,37,116,1,3
83,38,139,6,3
79,48,147,13,3
40,33,238,0,3
48,50,251,3,3
68,26,165,15,3
81,30,289,2,3
43,17,125,0,3
41,38,271,10,3
75,41,273,17,3
76,21,274,22,3
79,22,112,10,3
47,25,223,8,3
77,46,237,7,3
91,43,227,23,3
48,39,104,17,3
96,40,121,14,3
81,16,248,16,3
46,48,179,7,3
71,34,120,4,3
50,35,188,2,3
60,49,138,5,3
40,19,286,8,3
47,45,271,1,3
80,42,293,15,3
74,20,187,15,3
100,43,157,6,3
57,18,123,8,3
87,30,205,14,3
64,49,134,13,3
62,28,266,7,3
45,25,229,18,3
62,36,105,4,3
89,37,294,5,3
62,40,190,11,3
42,39,108,19,3
95,17,205,5,3
92,20,180,18,3
52,16,135,4,3
70,21,157,17,3
94,34,203,3,3
42,28,167,7,3
47,24,239,11,3
67,50,177,8,3
47,18,165,20,3
83,38,273,14,3
96,34,127,22,3
64,33,162,2,3
56,30,137,11,3
62,31,295,4,3
81,15,279,18,3
50,20,217,21,3
56,23,204,3,3
85,15,242,0,3
41,25,124,20,3
67,43,283,3,3
73,48,226,3,3
92,18,170,0,3
90,27,191,14,3
84,47,244,1,3
77,31,119,13,3
49,17,276,3,3
57,48,270,15,3
69,43,292,11,3
53,49,208,14,3
41,20,158,17,3
78,35,202,5,3
98,29,175,12,3
81,49,157,18,3
87,28,163,14,3
95,39,221,20,3
95,24,156,8,3
47,35,252,22,3
66,25,212,16,3
69,38,106,0,3
75,23,160,0,3
77,18,178,9,3
87,27,282,22,3
85,46,119,7,3
59,45,101,13,3
89,35,130,3,3
81,40,240,7,3
63,48,126,22,3
99,48,122,16,3
41,16,113,2,3
70,41,134,21,3
66,20,137,23,3
40,15,273,12,3
51,39,225,1,3
50,15,218,4,3
41,29,231,8,3
42,46,286,5,3
57,40,233,14,3
92,39,189,13,3
96,19,110,12,3
79,26,121,16,3
67,50,106,1,3
80,18,149,15,3
97,25,214,22,3
65,39,161,23,3
43,22,256,16,3
66,47,177,22,3
49,33,237,1,3
59,40,169,16,3
67,15,246,11,3
88,36,295,11,3
68,49,220,18,3
67,18,164,6,3
43,16,193,10,3
54,33,276,19,3
92,19,272,18,3
71,33,219,22,3
72,37,115,6,3
62,24,212,17,3
40,21,232,8,3
96,25,234,2,3
53,38,227,16,3
81,50,152,5,3
44,39,248,10,3
88,43,200,10,3
78,22,111,13,3
88,17,117,15,3
90,50,159,8,3
46,35,157,23,3
45,37,236,17,3
